condition,seed,test macro F1,F1 Analysis,F1 Backdoor,F1 DoS,F1 Exploits,F1 Fuzzers,F1 Generic,F1 Normal,F1 Reconnaissance,F1 Shellcode,F1 Worms
"single-stage, unweighted, original",42,0.5872546402633482,0.21021021021021022,0.22661243463102848,0.2734274711168164,0.7820356853203568,0.5174973488865323,0.8961807423345884,0.9949688848419432,0.8613918017159199,0.8175388967468176,0.2926829268292683
"single-stage, weighted, original",42,0.6567206301159192,0.15571776155717762,0.16666666666666666,0.4605137963843958,0.8275,0.5946559685110893,0.9303113195258564,0.9927406195859867,0.8606431852986217,0.8840125391849529,0.6944444444444444
"two-stage, weighted, original",42,0.6706935536451277,0.16883793642522146,0.1802030456852792,0.46161137440758293,0.8249686928041614,0.613900529769906,0.9289074751698903,0.9934804354981317,0.8605054987459001,0.88,0.7945205479452054
"single-stage, weighted, + SMOTE rows",42,0.6484474252592627,0.16167379933428436,0.17815344603381014,0.4385564184559159,0.820368574199806,0.5910353630152414,0.926867422761048,0.9925176010834617,0.8606245239908606,0.8571428571428571,0.6575342465753424
"two-stage, weighted, + SMOTE rows",42,0.6526443546718447,0.15088899567515618,0.15948275862068967,0.4346207538389949,0.8329532497149373,0.6013172001837954,0.9314248536109304,0.9928875913917379,0.857915057915058,0.8693009118541033,0.6956521739130435
"single-stage, unweighted, original",43,0.5790227065662046,0.22613333333333333,0.22979291917167669,0.23834886817576564,0.7807185267183254,0.5078782316047117,0.8977837474815312,0.9950022891255029,0.8611484540042251,0.7802929427430093,0.27312775330396477
"single-stage, weighted, original",43,0.6580919030489077,0.14087898856110775,0.12919896640826872,0.4556830031282586,0.8445144551519644,0.6082694284133133,0.9321372854914196,0.9935007614278708,0.8534634146341463,0.896,0.7272727272727273
"two-stage, weighted, original",43,0.6655113658400414,0.17522032141005703,0.1803921568627451,0.45791245791245794,0.8279445727482679,0.6157865568838572,0.9295701032274925,0.9935557313722175,0.8596153846153847,0.8782742681047766,0.7368421052631579
"single-stage, weighted, + SMOTE rows",43,0.6475364349139923,0.1556829035339064,0.18506278916060806,0.44360902255639095,0.8258351033017957,0.5942926166389854,0.9288418853636244,0.9926661170992142,0.8589401448722837,0.8562874251497006,0.6341463414634146
"two-stage, weighted, + SMOTE rows",43,0.6536243195245524,0.15514669318746893,0.1588921282798834,0.44423963133640554,0.832982992547296,0.6127940829333544,0.9315926892950391,0.9933852119985335,0.8600038513383401,0.8614916286149162,0.6857142857142857
"single-stage, unweighted, original",44,0.5808085984491653,0.2222222222222222,0.221895664952241,0.23911630929174787,0.7848784878487849,0.5123287671232877,0.8986724464914657,0.994970260208786,0.8569233723833302,0.797799174690509,0.27927927927927926
"single-stage, weighted, original",44,0.6605113000095919,0.16184971098265896,0.17074784910655194,0.45733144743045734,0.8268081002892961,0.5932790837854129,0.9291666666666667,0.9926557614285345,0.8577421815408085,0.8858024691358025,0.7297297297297297
"two-stage, weighted, original",44,0.6723745142916867,0.17117988394584138,0.17576564580559254,0.4555397051830718,0.8283002588438308,0.60335023820501,0.9301595605545383,0.993010063854849,0.8588484498363181,0.8790199081163859,0.8285714285714286
"single-stage, weighted, + SMOTE rows",44,0.6467600026462297,0.15214251324025035,0.1810918774966711,0.43627906976744185,0.8206265060240964,0.5945333736031411,0.9272751011881447,0.9926777931822205,0.8560519282168767,0.8575712143928036,0.6493506493506493
"two-stage, weighted, + SMOTE rows",44,0.6564956610327999,0.16607951685958733,0.17328519855595667,0.42909423604757546,0.8258534714230916,0.6160324143958053,0.9289074751698903,0.9935518344230854,0.8613899613899614,0.858433734939759,0.7123287671232876
