seed,alpha,class,flows,detected,"coverage, end to end","coverage, given detected","mean set size, detected flows","single-class share, detected flows",calibration flows,"coverage of the top 1 classes, given detected","coverage of the top 2 classes, given detected","coverage of the top 3 classes, given detected","coverage of the top 4 classes, given detected"
42,0.1,Analysis,89,0.9325842696629213,0.797752808988764,0.8554216867469879,2.5783132530120483,0.13253012048192772,58.0,0.37349397590361444,0.7590361445783133,0.9759036144578314,0.9879518072289156
42,0.1,Backdoor,89,1.0,0.898876404494382,0.898876404494382,2.730337078651685,0.06741573033707865,59.0,0.20224719101123595,0.5393258426966292,0.8876404494382022,0.9325842696629213
42,0.1,DoS,247,0.9919028340080972,0.8906882591093117,0.8979591836734694,2.2653061224489797,0.11836734693877551,165.0,0.2530612244897959,0.6571428571428571,0.9755102040816327,1.0
42,0.1,Exploits,1212,1.0,0.8853135313531353,0.8853135313531353,1.8556105610561056,0.28465346534653463,808.0,0.7433993399339934,0.8902640264026402,0.9174917491749175,0.9364686468646864
42,0.1,Fuzzers,1197,0.9958228905597326,0.9055973266499582,0.9093959731543624,1.1904362416107384,0.8808724832214765,793.0,0.9093959731543624,0.9161073825503355,0.9228187919463087,0.9756711409395973
42,0.1,Generic,592,1.0,0.8885135135135135,0.8885135135135135,1.3108108108108107,0.7652027027027027,395.0,0.8597972972972973,0.910472972972973,0.956081081081081,0.9847972972972973
42,0.1,Reconnaissance,522,1.0,0.9233716475095786,0.9233716475095786,1.185823754789272,0.8582375478927203,348.0,0.9233716475095786,0.9770114942528736,0.9808429118773946,0.9846743295019157
42,0.1,Shellcode,67,1.0,0.9253731343283582,0.9253731343283582,1.0895522388059702,0.9253731343283582,44.0,0.9253731343283582,0.9402985074626866,0.9402985074626866,0.9701492537313433
42,0.1,Worms,7,1.0,0.2857142857142857,0.2857142857142857,2.0,0.14285714285714285,5.0,0.2857142857142857,0.42857142857142855,0.42857142857142855,0.5714285714285714
42,0.1,Normal (false alarm rate),187346,0.0051935990093196546,,,,,,,,,
42,0.05,Analysis,89,0.9325842696629213,0.898876404494382,0.963855421686747,3.5542168674698793,0.10843373493975904,58.0,0.37349397590361444,0.7590361445783133,0.9759036144578314,0.9879518072289156
42,0.05,Backdoor,89,1.0,0.9213483146067416,0.9213483146067416,3.539325842696629,0.033707865168539325,59.0,0.20224719101123595,0.5393258426966292,0.8876404494382022,0.9325842696629213
42,0.05,DoS,247,0.9919028340080972,0.9635627530364372,0.9714285714285714,2.889795918367347,0.02040816326530612,165.0,0.2530612244897959,0.6571428571428571,0.9755102040816327,1.0
42,0.05,Exploits,1212,1.0,0.929042904290429,0.929042904290429,2.3267326732673266,0.12376237623762376,808.0,0.7433993399339934,0.8902640264026402,0.9174917491749175,0.9364686468646864
42,0.05,Fuzzers,1197,0.9958228905597326,0.935672514619883,0.9395973154362416,1.348993288590604,0.8280201342281879,793.0,0.9093959731543624,0.9161073825503355,0.9228187919463087,0.9756711409395973
42,0.05,Generic,592,1.0,0.9577702702702703,0.9577702702702703,1.5405405405405406,0.7179054054054054,395.0,0.8597972972972973,0.910472972972973,0.956081081081081,0.9847972972972973
42,0.05,Reconnaissance,522,1.0,0.9597701149425287,0.9597701149425287,1.3946360153256705,0.7950191570881227,348.0,0.9233716475095786,0.9770114942528736,0.9808429118773946,0.9846743295019157
42,0.05,Shellcode,67,1.0,0.9253731343283582,0.9253731343283582,1.328358208955224,0.7761194029850746,44.0,0.9253731343283582,0.9402985074626866,0.9402985074626866,0.9701492537313433
42,0.05,Worms,7,1.0,0.2857142857142857,0.2857142857142857,2.857142857142857,0.0,5.0,0.2857142857142857,0.42857142857142855,0.42857142857142855,0.5714285714285714
42,0.05,Normal (false alarm rate),187346,0.0051935990093196546,,,,,,,,,
43,0.1,Analysis,89,0.9438202247191011,0.8539325842696629,0.9047619047619048,2.619047619047619,0.13095238095238096,58.0,0.36904761904761907,0.75,0.9880952380952381,1.0
43,0.1,Backdoor,89,0.9887640449438202,0.7752808988764045,0.7840909090909091,2.590909090909091,0.07954545454545454,59.0,0.22727272727272727,0.5227272727272727,0.9090909090909091,0.9204545454545454
43,0.1,DoS,247,0.9919028340080972,0.8947368421052632,0.9020408163265307,2.2448979591836733,0.1346938775510204,165.0,0.2530612244897959,0.6979591836734694,0.9877551020408163,0.9959183673469387
43,0.1,Exploits,1212,0.9991749174917491,0.8787128712871287,0.87943848059455,1.7985136251032205,0.32947976878612717,808.0,0.7547481420313791,0.8876961189099918,0.916597853014038,0.9488026424442609
43,0.1,Fuzzers,1197,0.9849624060150376,0.8972431077694235,0.910941475826972,1.193384223918575,0.8837998303647159,779.0,0.910941475826972,0.9194232400339271,0.9219677692960135,0.9601357082273113
43,0.1,Generic,592,1.0,0.8885135135135135,0.8885135135135135,1.2787162162162162,0.7804054054054054,395.0,0.8631756756756757,0.918918918918919,0.9695945945945946,0.9915540540540541
43,0.1,Reconnaissance,522,1.0,0.9176245210727969,0.9176245210727969,1.185823754789272,0.8582375478927203,348.0,0.9176245210727969,0.9770114942528736,0.9885057471264368,0.9885057471264368
43,0.1,Shellcode,67,1.0,0.9104477611940298,0.9104477611940298,1.1343283582089552,0.8955223880597015,44.0,0.9104477611940298,0.9402985074626866,0.9552238805970149,0.9850746268656716
43,0.1,Worms,7,1.0,0.2857142857142857,0.2857142857142857,1.8571428571428572,0.2857142857142857,5.0,0.2857142857142857,0.42857142857142855,0.5714285714285714,0.7142857142857143
43,0.1,Normal (false alarm rate),187346,0.00443564314156694,,,,,,,,,
43,0.05,Analysis,89,0.9438202247191011,0.898876404494382,0.9523809523809523,3.4285714285714284,0.10714285714285714,58.0,0.36904761904761907,0.75,0.9880952380952381,1.0
43,0.05,Backdoor,89,0.9887640449438202,0.8314606741573034,0.8409090909090909,3.5681818181818183,0.045454545454545456,59.0,0.22727272727272727,0.5227272727272727,0.9090909090909091,0.9204545454545454
43,0.05,DoS,247,0.9919028340080972,0.9271255060728745,0.9346938775510204,2.8448979591836734,0.061224489795918366,165.0,0.2530612244897959,0.6979591836734694,0.9877551020408163,0.9959183673469387
43,0.05,Exploits,1212,0.9991749174917491,0.9397689768976898,0.9405450041288191,2.2097440132122212,0.1915772089182494,808.0,0.7547481420313791,0.8876961189099918,0.916597853014038,0.9488026424442609
43,0.05,Fuzzers,1197,0.9849624060150376,0.9306599832915622,0.9448685326547922,1.3553859202714165,0.8286683630195081,779.0,0.910941475826972,0.9194232400339271,0.9219677692960135,0.9601357082273113
43,0.05,Generic,592,1.0,0.9594594594594594,0.9594594594594594,1.5118243243243243,0.731418918918919,395.0,0.8631756756756757,0.918918918918919,0.9695945945945946,0.9915540540540541
43,0.05,Reconnaissance,522,1.0,0.9578544061302682,0.9578544061302682,1.3295019157088122,0.7969348659003831,348.0,0.9176245210727969,0.9770114942528736,0.9885057471264368,0.9885057471264368
43,0.05,Shellcode,67,1.0,0.9104477611940298,0.9104477611940298,1.373134328358209,0.7164179104477612,44.0,0.9104477611940298,0.9402985074626866,0.9552238805970149,0.9850746268656716
43,0.05,Worms,7,1.0,0.2857142857142857,0.2857142857142857,2.2857142857142856,0.14285714285714285,5.0,0.2857142857142857,0.42857142857142855,0.5714285714285714,0.7142857142857143
43,0.05,Normal (false alarm rate),187346,0.00443564314156694,,,,,,,,,
44,0.1,Analysis,89,0.898876404494382,0.8089887640449438,0.9,2.7,0.1,58.0,0.3125,0.7,0.9625,0.975
44,0.1,Backdoor,89,0.9887640449438202,0.797752808988764,0.8068181818181818,2.7613636363636362,0.03409090909090909,59.0,0.17045454545454544,0.4659090909090909,0.7840909090909091,0.8522727272727273
44,0.1,DoS,247,0.9838056680161943,0.9311740890688259,0.9465020576131687,2.3209876543209877,0.102880658436214,165.0,0.23868312757201646,0.6460905349794238,0.9794238683127572,0.9917695473251029
44,0.1,Exploits,1212,0.9991749174917491,0.8836633663366337,0.884393063583815,1.8909991742361685,0.2551610239471511,807.0,0.7654830718414534,0.893476465730801,0.921552436003303,0.9545829892650702
44,0.1,Fuzzers,1197,0.9782790309106099,0.8880534670008354,0.9077711357813835,1.1964133219470539,0.8804440649017934,780.0,0.9077711357813835,0.9146029035012809,0.918872758326217,0.9547395388556789
44,0.1,Generic,592,1.0,0.9003378378378378,0.9003378378378378,1.320945945945946,0.768581081081081,395.0,0.8648648648648649,0.9222972972972973,0.9679054054054054,0.9932432432432432
44,0.1,Reconnaissance,522,0.9980842911877394,0.9195402298850575,0.9213051823416507,1.2245681381957774,0.8349328214971209,348.0,0.9213051823416507,0.980806142034549,0.9884836852207294,0.9904030710172744
44,0.1,Shellcode,67,1.0,0.9104477611940298,0.9104477611940298,1.1492537313432836,0.8805970149253731,44.0,0.9104477611940298,0.9253731343283582,0.9552238805970149,0.9850746268656716
44,0.1,Worms,7,1.0,0.2857142857142857,0.2857142857142857,2.4285714285714284,0.14285714285714285,5.0,0.2857142857142857,0.2857142857142857,0.42857142857142855,0.42857142857142855
44,0.1,Normal (false alarm rate),187346,0.0040139634686622615,,,,,,,,,
44,0.05,Analysis,89,0.898876404494382,0.8314606741573034,0.925,3.625,0.0875,58.0,0.3125,0.7,0.9625,0.975
44,0.05,Backdoor,89,0.9887640449438202,0.8651685393258427,0.875,3.534090909090909,0.022727272727272728,59.0,0.17045454545454544,0.4659090909090909,0.7840909090909091,0.8522727272727273
44,0.05,DoS,247,0.9838056680161943,0.9473684210526315,0.9629629629629629,2.954732510288066,0.03292181069958848,165.0,0.23868312757201646,0.6460905349794238,0.9794238683127572,0.9917695473251029
44,0.05,Exploits,1212,0.9991749174917491,0.9463696369636964,0.9471511147811725,2.347646573080099,0.1147811725846408,807.0,0.7654830718414534,0.893476465730801,0.921552436003303,0.9545829892650702
44,0.05,Fuzzers,1197,0.9782790309106099,0.9156223893065998,0.9359521776259607,1.367207514944492,0.8266438941076003,780.0,0.9077711357813835,0.9146029035012809,0.918872758326217,0.9547395388556789
44,0.05,Generic,592,1.0,0.9679054054054054,0.9679054054054054,1.5337837837837838,0.7246621621621622,395.0,0.8648648648648649,0.9222972972972973,0.9679054054054054,0.9932432432432432
44,0.05,Reconnaissance,522,0.9980842911877394,0.9501915708812261,0.9520153550863724,1.383877159309021,0.7946257197696737,348.0,0.9213051823416507,0.980806142034549,0.9884836852207294,0.9904030710172744
44,0.05,Shellcode,67,1.0,0.9253731343283582,0.9253731343283582,1.4328358208955223,0.6865671641791045,44.0,0.9104477611940298,0.9253731343283582,0.9552238805970149,0.9850746268656716
44,0.05,Worms,7,1.0,0.2857142857142857,0.2857142857142857,2.5714285714285716,0.0,5.0,0.2857142857142857,0.2857142857142857,0.42857142857142855,0.42857142857142855
44,0.05,Normal (false alarm rate),187346,0.0040139634686622615,,,,,,,,,
