alpha,class,flows,calibration flows,detected,"coverage, end to end","coverage, given detected","mean set size, detected flows","single-class share, detected flows","coverage of the top 1 classes, given detected","coverage of the top 2 classes, given detected","coverage of the top 3 classes, given detected","coverage of the top 4 classes, given detected"
0.1,Analysis,89.0,58.0,0.9250936329588014,0.8202247191011236,0.8867278638362975,2.6324536240198895,0.12116083381143623,0.3516805316504112,0.7363453815261044,0.9754996175176899,0.9876506024096385
0.1,Backdoor,89.0,59.0,0.9925093632958801,0.8239700374531834,0.8299284984678242,2.694203268641471,0.06035069799114743,0.19999148791283625,0.5093207354443309,0.8602740892066735,0.9017705141300647
0.1,DoS,247.0,165.0,0.9892037786774629,0.9055330634278004,0.9155006858710563,2.277063911984547,0.11864729430866998,0.24826852551720277,0.6670641919319168,0.9808963914784021,0.9958959715573471
0.1,Exploits,1212.0,807.6666666666666,0.9994499449944995,0.8825632563256326,0.8830483585105,1.848374453465165,0.28976475269327095,0.7545435179356086,0.890478870347811,0.9185473460640862,0.9466180928580058
0.1,Fuzzers,1197.0,784.0,0.98635477582846,0.8969646338067391,0.9093695282542393,1.1934112624921225,0.8817054594959952,0.9093695282542393,0.9167111753618479,0.9212197731895131,0.9635154626741959
0.1,Generic,592.0,395.0,1.0,0.892454954954955,0.892454954954955,1.3034909909909909,0.7713963963963963,0.8626126126126126,0.9172297297297298,0.9645270270270271,0.9898648648648649
0.1,Reconnaissance,522.0,348.0,0.9993614303959131,0.9201787994891443,0.9207671169746754,1.198738549258107,0.8504693057608539,0.9207671169746754,0.9782763768467654,0.9859441147415202,0.987861049215209
0.1,Shellcode,67.0,44.0,1.0,0.9154228855721392,0.9154228855721392,1.1243781094527363,0.900497512437811,0.9154228855721392,0.9353233830845772,0.9502487562189055,0.9800995024875622
0.1,Worms,7.0,5.0,1.0,0.2857142857142857,0.2857142857142857,2.0952380952380953,0.19047619047619047,0.2857142857142857,0.38095238095238093,0.4761904761904762,0.5714285714285714
0.1,Normal (false alarm rate),187346.0,,0.004547735206516285,,,,,,,,
0.05,Analysis,89.0,58.0,0.9250936329588014,0.8764044943820224,0.9470787913558998,3.5359294320137695,0.10102553069420539,0.3516805316504112,0.7363453815261044,0.9754996175176899,0.9876506024096385
0.05,Backdoor,89.0,59.0,0.9925093632958801,0.8726591760299626,0.8790858018386108,3.547199523323119,0.0339632277834525,0.19999148791283625,0.5093207354443309,0.8602740892066735,0.9017705141300647
0.05,DoS,247.0,165.0,0.9892037786774629,0.9460188933873144,0.9563618039808516,2.896475462613029,0.03818482125360432,0.24826852551720277,0.6670641919319168,0.9808963914784021,0.9958959715573471
0.05,Exploits,1212.0,807.6666666666666,0.9994499449944995,0.9383938393839384,0.9389130077334736,2.294707753186549,0.14337358591350466,0.7545435179356086,0.890478870347811,0.9185473460640862,0.9466180928580058
0.05,Fuzzers,1197.0,784.0,0.98635477582846,0.9273182957393483,0.9401393419056648,1.3571955746021709,0.8277774637850989,0.9093695282542393,0.9167111753618479,0.9212197731895131,0.9635154626741959
0.05,Generic,592.0,395.0,1.0,0.9617117117117117,0.9617117117117117,1.5287162162162165,0.7246621621621622,0.8626126126126126,0.9172297297297298,0.9645270270270271,0.9898648648648649
0.05,Reconnaissance,522.0,348.0,0.9993614303959131,0.9559386973180076,0.9565466253863898,1.3693383634478344,0.7955265809193932,0.9207671169746754,0.9782763768467654,0.9859441147415202,0.987861049215209
0.05,Shellcode,67.0,44.0,1.0,0.9203980099502488,0.9203980099502488,1.3781094527363182,0.7263681592039801,0.9154228855721392,0.9353233830845772,0.9502487562189055,0.9800995024875622
0.05,Worms,7.0,5.0,1.0,0.2857142857142857,0.2857142857142857,2.5714285714285716,0.047619047619047616,0.2857142857142857,0.38095238095238093,0.4761904761904762,0.5714285714285714
0.05,Normal (false alarm rate),187346.0,,0.004547735206516285,,,,,,,,
