seed,alpha,true class,Analysis,Backdoor,DoS,Exploits,Fuzzers,Generic,Reconnaissance,Shellcode,Worms
42,0.1,Analysis,0.8554216867469879,0.8554216867469879,0.8554216867469879,0.012048192771084338,0.0,0.0,0.0,0.0,0.0
42,0.1,Backdoor,0.7752808988764045,0.898876404494382,0.898876404494382,0.11235955056179775,0.011235955056179775,0.0,0.02247191011235955,0.011235955056179775,0.0
42,0.1,DoS,0.3183673469387755,0.363265306122449,0.8979591836734694,0.5755102040816327,0.024489795918367346,0.04897959183673469,0.02040816326530612,0.0163265306122449,0.0
42,0.1,Exploits,0.06930693069306931,0.09818481848184818,0.6740924092409241,0.8853135313531353,0.009900990099009901,0.04785478547854786,0.057755775577557754,0.01155115511551155,0.0016501650165016502
42,0.1,Fuzzers,0.06459731543624161,0.07466442953020135,0.10570469798657718,0.026006711409395974,0.9093959731543624,0.00587248322147651,0.0041946308724832215,0.0,0.0
42,0.1,Generic,0.0,0.013513513513513514,0.19594594594594594,0.20270270270270271,0.0016891891891891893,0.8885135135135135,0.0016891891891891893,0.006756756756756757,0.0
42,0.1,Reconnaissance,0.0019157088122605363,0.011494252873563218,0.10153256704980843,0.1475095785440613,0.0,0.0,0.9233716475095786,0.0,0.0
42,0.1,Shellcode,0.0,0.0,0.05970149253731343,0.07462686567164178,0.0,0.029850746268656716,0.0,0.9253731343283582,0.0
42,0.1,Worms,0.0,0.0,0.7142857142857143,0.8571428571428571,0.0,0.14285714285714285,0.0,0.0,0.2857142857142857
42,0.05,Analysis,0.963855421686747,0.8795180722891566,0.891566265060241,0.4578313253012048,0.3614457831325301,0.0,0.0,0.0,0.0
42,0.05,Backdoor,0.7865168539325843,0.9213483146067416,0.9550561797752809,0.449438202247191,0.3595505617977528,0.02247191011235955,0.033707865168539325,0.011235955056179775,0.0
42,0.05,DoS,0.3510204081632653,0.39183673469387753,0.9714285714285714,0.7428571428571429,0.1469387755102041,0.23673469387755103,0.0326530612244898,0.0163265306122449,0.0
42,0.05,Exploits,0.08003300330033003,0.11221122112211221,0.8514851485148515,0.929042904290429,0.07260726072607261,0.18894389438943895,0.07838283828382839,0.012376237623762377,0.0016501650165016502
42,0.05,Fuzzers,0.06795302013422819,0.07634228187919463,0.1401006711409396,0.09983221476510067,0.9395973154362416,0.02097315436241611,0.0041946308724832215,0.0,0.0
42,0.05,Generic,0.0033783783783783786,0.018581081081081082,0.2652027027027027,0.2652027027027027,0.02195945945945946,0.9577702702702703,0.0016891891891891893,0.006756756756756757,0.0
42,0.05,Reconnaissance,0.0038314176245210726,0.022988505747126436,0.1896551724137931,0.19731800766283525,0.013409961685823755,0.007662835249042145,0.9597701149425287,0.0,0.0
42,0.05,Shellcode,0.0,0.014925373134328358,0.14925373134328357,0.208955223880597,0.0,0.029850746268656716,0.0,0.9253731343283582,0.0
42,0.05,Worms,0.0,0.14285714285714285,1.0,1.0,0.14285714285714285,0.2857142857142857,0.0,0.0,0.2857142857142857
43,0.1,Analysis,0.9047619047619048,0.8452380952380952,0.8571428571428571,0.011904761904761904,0.0,0.0,0.0,0.0,0.0
43,0.1,Backdoor,0.7727272727272727,0.7840909090909091,0.9204545454545454,0.09090909090909091,0.011363636363636364,0.0,0.0,0.011363636363636364,0.0
43,0.1,DoS,0.3142857142857143,0.34285714285714286,0.9020408163265307,0.5469387755102041,0.0326530612244898,0.05714285714285714,0.024489795918367346,0.024489795918367346,0.0
43,0.1,Exploits,0.07597027250206441,0.08422791081750619,0.6350123864574732,0.87943848059455,0.009083402146985962,0.0495458298926507,0.05119735755573906,0.011560693641618497,0.002477291494632535
43,0.1,Fuzzers,0.06785411365564037,0.0720949957591179,0.1111111111111111,0.02374893977947413,0.910941475826972,0.005937234944868533,0.0008481764206955047,0.0,0.0008481764206955047
43,0.1,Generic,0.0,0.011824324324324325,0.17567567567567569,0.1891891891891892,0.0033783783783783786,0.8885135135135135,0.0033783783783783786,0.006756756756756757,0.0
43,0.1,Reconnaissance,0.0038314176245210726,0.005747126436781609,0.09770114942528736,0.16091954022988506,0.0,0.0,0.9176245210727969,0.0,0.0
43,0.1,Shellcode,0.0,0.0,0.08955223880597014,0.1044776119402985,0.0,0.029850746268656716,0.0,0.9104477611940298,0.0
43,0.1,Worms,0.0,0.0,0.7142857142857143,0.7142857142857143,0.0,0.14285714285714285,0.0,0.0,0.2857142857142857
43,0.05,Analysis,0.9523809523809523,0.8452380952380952,0.8809523809523809,0.42857142857142855,0.32142857142857145,0.0,0.0,0.0,0.0
43,0.05,Backdoor,0.8068181818181818,0.8409090909090909,0.9431818181818182,0.5454545454545454,0.36363636363636365,0.045454545454545456,0.011363636363636364,0.011363636363636364,0.0
43,0.05,DoS,0.33877551020408164,0.3795918367346939,0.9346938775510204,0.7142857142857143,0.2,0.22040816326530613,0.0326530612244898,0.024489795918367346,0.0
43,0.05,Exploits,0.08092485549132948,0.09496284062758051,0.7547481420313791,0.9405450041288191,0.07844756399669695,0.16928158546655656,0.07679603633360858,0.011560693641618497,0.002477291494632535
43,0.05,Fuzzers,0.07039864291772689,0.07548770144189991,0.13146734520780323,0.1111111111111111,0.9448685326547922,0.018659881255301103,0.002544529262086514,0.0,0.0008481764206955047
43,0.05,Generic,0.0016891891891891893,0.018581081081081082,0.23479729729729729,0.26013513513513514,0.02702702702702703,0.9594594594594594,0.0033783783783783786,0.006756756756756757,0.0
43,0.05,Reconnaissance,0.0038314176245210726,0.005747126436781609,0.1360153256704981,0.20881226053639848,0.013409961685823755,0.0038314176245210726,0.9578544061302682,0.0,0.0
43,0.05,Shellcode,0.0,0.0,0.14925373134328357,0.2835820895522388,0.0,0.029850746268656716,0.0,0.9104477611940298,0.0
43,0.05,Worms,0.0,0.0,0.7142857142857143,1.0,0.0,0.2857142857142857,0.0,0.0,0.2857142857142857
44,0.1,Analysis,0.9,0.9,0.9,0.0,0.0,0.0,0.0,0.0,0.0
44,0.1,Backdoor,0.7954545454545454,0.8068181818181818,0.9772727272727273,0.13636363636363635,0.011363636363636364,0.011363636363636364,0.011363636363636364,0.011363636363636364,0.0
44,0.1,DoS,0.32510288065843623,0.3662551440329218,0.9465020576131687,0.551440329218107,0.024691358024691357,0.05761316872427984,0.03292181069958848,0.01646090534979424,0.0
44,0.1,Exploits,0.0726672171758877,0.0916597853014038,0.717588769611891,0.884393063583815,0.008257638315441783,0.05615194054500413,0.046242774566473986,0.010734929810074319,0.0033030553261767133
44,0.1,Fuzzers,0.06746370623398805,0.07087959009393681,0.11955593509820667,0.025619128949615714,0.9077711357813835,0.0025619128949615714,0.0025619128949615714,0.0,0.0
44,0.1,Generic,0.0016891891891891893,0.010135135135135136,0.20270270270270271,0.19763513513513514,0.0033783783783783786,0.9003378378378378,0.0033783783783783786,0.0016891891891891893,0.0
44,0.1,Reconnaissance,0.0019193857965451055,0.007677543186180422,0.1343570057581574,0.15738963531669867,0.0,0.0019193857965451055,0.9213051823416507,0.0,0.0
44,0.1,Shellcode,0.0,0.029850746268656716,0.07462686567164178,0.1044776119402985,0.0,0.029850746268656716,0.0,0.9104477611940298,0.0
44,0.1,Worms,0.0,0.0,0.8571428571428571,0.8571428571428571,0.0,0.2857142857142857,0.14285714285714285,0.0,0.2857142857142857
44,0.05,Analysis,0.925,0.9,0.9125,0.5875,0.3,0.0,0.0,0.0,0.0
44,0.05,Backdoor,0.7954545454545454,0.875,0.9772727272727273,0.5681818181818182,0.23863636363636365,0.056818181818181816,0.011363636363636364,0.011363636363636364,0.0
44,0.05,DoS,0.3333333333333333,0.3991769547325103,0.9629629629629629,0.7860082304526749,0.14814814814814814,0.26337448559670784,0.03292181069958848,0.02880658436213992,0.0
44,0.05,Exploits,0.07597027250206441,0.10900082576383155,0.8530140379851362,0.9471511147811725,0.06275805119735756,0.20891824938067713,0.07514450867052024,0.012386457473162676,0.0033030553261767133
44,0.05,Fuzzers,0.07002561912894961,0.07685738684884715,0.14602903501280956,0.10845431255337319,0.9359521776259607,0.024765157984628524,0.004269854824935952,0.0008539709649871904,0.0
44,0.05,Generic,0.0016891891891891893,0.02702702702702703,0.2483108108108108,0.2685810810810811,0.015202702702702704,0.9679054054054054,0.0033783783783783786,0.0016891891891891893,0.0
44,0.05,Reconnaissance,0.0019193857965451055,0.019193857965451054,0.18809980806142035,0.19961612284069097,0.015355086372360844,0.007677543186180422,0.9520153550863724,0.0,0.0
44,0.05,Shellcode,0.0,0.08955223880597014,0.11940298507462686,0.26865671641791045,0.0,0.029850746268656716,0.0,0.9253731343283582,0.0
44,0.05,Worms,0.0,0.0,0.8571428571428571,1.0,0.0,0.2857142857142857,0.14285714285714285,0.0,0.2857142857142857
