weights,alpha,class,flows,coverage,mean set size,single-class share,"recall, one label"
class weights,0.1,Analysis,89.0,0.8876404494382023,3.7865168539325844,0.0,0.17602996254681647
class weights,0.1,Backdoor,89.0,0.8689138576779026,3.9550561797752812,0.0,0.1198501872659176
class weights,0.1,DoS,247.0,0.8920377867746289,3.3846153846153846,0.0,0.1821862348178138
class weights,0.1,Exploits,1212.0,0.8880638063806381,2.905115511551155,0.001375137513751375,0.7948294829482948
class weights,0.1,Fuzzers,1197.0,0.8969646338067391,2.203842940685046,0.0,0.8969646338067391
class weights,0.1,Generic,592.0,0.8896396396396397,2.287725225225225,0.0011261261261261261,0.856981981981982
class weights,0.1,Normal,187346.0,0.9956017208800828,2.0012419089100737,1.7792391261800804e-06,0.9956017208800828
class weights,0.1,Reconnaissance,522.0,0.9048531289910601,2.2624521072796937,0.0,0.8959131545338442
class weights,0.1,Shellcode,67.0,0.8756218905472637,2.36318407960199,0.0,0.8606965174129352
class weights,0.1,Worms,7.0,1.0,3.0476190476190474,0.09523809523809523,0.14285714285714285
class weights,0.1,all flows,191368.0,0.9934436966124606,2.0135219402756293,1.7418446831932893e-05,
class weights,0.05,Analysis,89.0,0.9438202247191011,4.853932584269663,0.0,0.17602996254681647
class weights,0.05,Backdoor,89.0,0.898876404494382,5.097378277153558,0.0,0.1198501872659176
class weights,0.05,DoS,247.0,0.9325236167341431,4.12280701754386,0.0,0.1821862348178138
class weights,0.05,Exploits,1212.0,0.9458195819581959,3.334708470847085,0.001375137513751375,0.7948294829482948
class weights,0.05,Fuzzers,1197.0,0.9495962127541074,2.365636313004734,0.0,0.8969646338067391
class weights,0.05,Generic,592.0,0.9414414414414415,2.474662162162162,0.0011261261261261261,0.856981981981982
class weights,0.05,Normal,187346.0,0.9956017208800828,2.002768496080336,0.0,0.9956017208800828
class weights,0.05,Reconnaissance,522.0,0.9469987228607918,2.4042145593869733,0.0,0.8959131545338442
class weights,0.05,Shellcode,67.0,0.9154228855721392,2.562189054726368,0.0,0.8606965174129352
class weights,0.05,Worms,7.0,1.0,3.714285714285714,0.09523809523809523,0.14285714285714285
class weights,0.05,all flows,191368.0,0.9945201566266739,2.021788735142065,1.5676602148739603e-05,
