weights,seed,alpha,true class,Analysis,Backdoor,DoS,Exploits,Fuzzers,Generic,Normal,Reconnaissance,Shellcode,Worms
class weights,42,0.1,Analysis,0.898876404494382,0.797752808988764,0.7752808988764045,0.1348314606741573,0.10112359550561797,0.0,0.07865168539325842,0.0,0.0,1.0
class weights,42,0.1,Backdoor,0.7865168539325843,0.8539325842696629,0.9438202247191011,0.23595505617977527,0.07865168539325842,0.0,0.011235955056179775,0.011235955056179775,0.011235955056179775,1.0
class weights,42,0.1,DoS,0.3117408906882591,0.39271255060728744,0.8866396761133604,0.5789473684210527,0.0728744939271255,0.08097165991902834,0.016194331983805668,0.024291497975708502,0.016194331983805668,1.0
class weights,42,0.1,Exploits,0.07508250825082509,0.11386138613861387,0.7046204620462047,0.8844884488448845,0.0165016501650165,0.04455445544554455,0.0016501650165016502,0.040429042904290426,0.009900990099009901,1.0
class weights,42,0.1,Fuzzers,0.06683375104427736,0.07351712614870509,0.1136173767752715,0.020885547201336674,0.8913951545530493,0.003341687552213868,0.02422723475355054,0.002506265664160401,0.0,1.0
class weights,42,0.1,Generic,0.0016891891891891893,0.018581081081081082,0.1875,0.17905405405405406,0.0033783783783783786,0.8952702702702703,0.0016891891891891893,0.0033783783783783786,0.005067567567567568,1.0
class weights,42,0.1,Normal,0.0005924866290179668,0.00018682010824890843,0.0005497848899896448,0.0004056665207690583,0.0036670118390571458,0.0,0.9958259050099816,0.0,5.337717378540241e-06,1.0
class weights,42,0.1,Reconnaissance,0.0019157088122605363,0.02490421455938697,0.1724137931034483,0.1532567049808429,0.0,0.0019157088122605363,0.0,0.9022988505747126,0.0,1.0
class weights,42,0.1,Shellcode,0.0,0.05970149253731343,0.23880597014925373,0.22388059701492538,0.0,0.029850746268656716,0.0,0.0,0.8507462686567164,1.0
class weights,42,0.1,Worms,0.0,0.0,1.0,1.0,0.0,0.2857142857142857,0.0,0.0,0.0,1.0
class weights,42,0.05,Analysis,0.898876404494382,0.797752808988764,0.8202247191011236,0.6067415730337079,0.5056179775280899,0.0,0.07865168539325842,0.0,0.0,1.0
class weights,42,0.05,Backdoor,0.797752808988764,0.8651685393258427,0.9550561797752809,0.6741573033707865,0.6292134831460674,0.02247191011235955,0.011235955056179775,0.033707865168539325,0.011235955056179775,1.0
class weights,42,0.05,DoS,0.3157894736842105,0.43724696356275305,0.9190283400809717,0.8259109311740891,0.27125506072874495,0.1902834008097166,0.016194331983805668,0.032388663967611336,0.020242914979757085,1.0
class weights,42,0.05,Exploits,0.07590759075907591,0.12953795379537955,0.8184818481848185,0.9471947194719472,0.08333333333333333,0.1353135313531353,0.0016501650165016502,0.07673267326732673,0.015676567656765675,1.0
class weights,42,0.05,Fuzzers,0.06683375104427736,0.07769423558897243,0.14202172096908938,0.08521303258145363,0.9398496240601504,0.006683375104427736,0.02422723475355054,0.003341687552213868,0.0,1.0
class weights,42,0.05,Generic,0.0016891891891891893,0.030405405405405407,0.22972972972972974,0.23986486486486486,0.02195945945945946,0.9408783783783784,0.0016891891891891893,0.005067567567567568,0.006756756756756757,1.0
class weights,42,0.05,Normal,0.000597824346396507,0.00024019728203431085,0.0008326839110522776,0.0006191752159106679,0.004697191293115412,3.2026304271241444e-05,0.9958259050099816,5.337717378540241e-06,2.1350869514160964e-05,1.0
class weights,42,0.05,Reconnaissance,0.0019157088122605363,0.032567049808429116,0.18773946360153257,0.19540229885057472,0.007662835249042145,0.0019157088122605363,0.0,0.9559386973180076,0.0,1.0
class weights,42,0.05,Shellcode,0.0,0.07462686567164178,0.2835820895522388,0.2835820895522388,0.0,0.029850746268656716,0.0,0.0,0.9104477611940298,1.0
class weights,42,0.05,Worms,0.0,0.2857142857142857,1.0,1.0,0.0,0.2857142857142857,0.0,0.2857142857142857,0.0,1.0
class weights,43,0.1,Analysis,0.9550561797752809,0.8089887640449438,0.8202247191011236,0.1348314606741573,0.06741573033707865,0.0,0.10112359550561797,0.0,0.0,1.0
class weights,43,0.1,Backdoor,0.797752808988764,0.8651685393258427,0.9438202247191011,0.23595505617977527,0.06741573033707865,0.011235955056179775,0.033707865168539325,0.011235955056179775,0.011235955056179775,1.0
class weights,43,0.1,DoS,0.31983805668016196,0.3805668016194332,0.8866396761133604,0.6032388663967612,0.06882591093117409,0.0728744939271255,0.008097165991902834,0.024291497975708502,0.016194331983805668,1.0
class weights,43,0.1,Exploits,0.07755775577557755,0.10478547854785479,0.7351485148514851,0.8927392739273927,0.010726072607260726,0.04950495049504951,0.005775577557755775,0.04867986798679868,0.009900990099009901,1.0
class weights,43,0.1,Fuzzers,0.06934001670843776,0.07435254803675856,0.11779448621553884,0.036758563074352546,0.8939014202172096,0.004177109440267335,0.01921470342522974,0.002506265664160401,0.0,1.0
class weights,43,0.1,Generic,0.0016891891891891893,0.013513513513513514,0.16891891891891891,0.19087837837837837,0.0033783783783783786,0.8868243243243243,0.005067567567567568,0.0033783783783783786,0.0033783783783783786,1.0
class weights,43,0.1,Normal,0.0006672146723175302,0.00016546923873474748,0.0005497848899896448,0.00044303054241884,0.003816467925656272,0.0,0.9955963831627043,0.0,2.1350869514160964e-05,1.0
class weights,43,0.1,Reconnaissance,0.0019157088122605363,0.019157088122605363,0.1724137931034483,0.16666666666666666,0.0,0.0019157088122605363,0.0038314176245210726,0.9061302681992337,0.0,1.0
class weights,43,0.1,Shellcode,0.0,0.014925373134328358,0.16417910447761194,0.16417910447761194,0.0,0.029850746268656716,0.0,0.0,0.8805970149253731,1.0
class weights,43,0.1,Worms,0.0,0.0,0.8571428571428571,0.7142857142857143,0.0,0.2857142857142857,0.0,0.0,0.0,1.0
class weights,43,0.05,Analysis,0.9662921348314607,0.8089887640449438,0.8314606741573034,0.6179775280898876,0.6292134831460674,0.0,0.10112359550561797,0.0,0.0,1.0
class weights,43,0.05,Backdoor,0.797752808988764,0.898876404494382,0.9662921348314607,0.7303370786516854,0.7191011235955056,0.033707865168539325,0.033707865168539325,0.033707865168539325,0.011235955056179775,1.0
class weights,43,0.05,DoS,0.3360323886639676,0.4493927125506073,0.9473684210526315,0.8218623481781376,0.3117408906882591,0.18218623481781376,0.008097165991902834,0.032388663967611336,0.016194331983805668,1.0
class weights,43,0.05,Exploits,0.08003300330033003,0.1551155115511551,0.8407590759075908,0.9405940594059405,0.09983498349834984,0.14603960396039603,0.005775577557755775,0.066006600660066,0.010726072607260726,1.0
class weights,43,0.05,Fuzzers,0.06934001670843776,0.08270676691729323,0.16875522138680032,0.09774436090225563,0.9615705931495405,0.01086048454469507,0.01921470342522974,0.004177109440267335,0.0,1.0
class weights,43,0.05,Generic,0.0033783783783783786,0.04391891891891892,0.21452702702702703,0.22466216216216217,0.02027027027027027,0.9324324324324325,0.005067567567567568,0.0033783783783783786,0.0033783783783783786,1.0
class weights,43,0.05,Normal,0.0006778901070746106,0.00031492532533387423,0.0008807233674591398,0.0005818111942608862,0.004739893032143734,4.803945640686217e-05,0.9955963831627043,0.0,2.1350869514160964e-05,1.0
class weights,43,0.05,Reconnaissance,0.0019157088122605363,0.03639846743295019,0.20114942528735633,0.1896551724137931,0.017241379310344827,0.0038314176245210726,0.0038314176245210726,0.9444444444444444,0.0,1.0
class weights,43,0.05,Shellcode,0.0,0.07462686567164178,0.22388059701492538,0.22388059701492538,0.0,0.029850746268656716,0.0,0.0,0.8955223880597015,1.0
class weights,43,0.05,Worms,0.0,0.42857142857142855,0.8571428571428571,0.8571428571428571,0.0,0.42857142857142855,0.0,0.0,0.0,1.0
class weights,44,0.1,Analysis,0.8089887640449438,0.8089887640449438,0.8202247191011236,0.1348314606741573,0.033707865168539325,0.0,0.07865168539325842,0.0,0.0,1.0
class weights,44,0.1,Backdoor,0.7865168539325843,0.8876404494382022,0.9662921348314607,0.2247191011235955,0.0449438202247191,0.011235955056179775,0.011235955056179775,0.011235955056179775,0.011235955056179775,1.0
class weights,44,0.1,DoS,0.291497975708502,0.4291497975708502,0.902834008097166,0.6072874493927125,0.03643724696356275,0.0728744939271255,0.008097165991902834,0.02834008097165992,0.016194331983805668,1.0
class weights,44,0.1,Exploits,0.06765676567656766,0.15016501650165018,0.66996699669967,0.886963696369637,0.01155115511551155,0.05198019801980198,0.0016501650165016502,0.04372937293729373,0.005775577557755775,1.0
class weights,44,0.1,Fuzzers,0.06599832915622389,0.0810359231411863,0.10192147034252297,0.02756892230576441,0.9055973266499582,0.001670843776106934,0.011695906432748537,0.001670843776106934,0.0,1.0
class weights,44,0.1,Generic,0.0,0.030405405405405407,0.17736486486486486,0.1891891891891892,0.0016891891891891893,0.8868243243243243,0.0,0.0033783783783783786,0.0016891891891891893,1.0
class weights,44,0.1,Normal,0.0006618769549389899,0.00031492532533387423,0.00044303054241884,0.00043769282504029975,0.0039712617296339394,5.337717378540241e-06,0.9953828744675627,0.0,1.6013152135620722e-05,1.0
class weights,44,0.1,Reconnaissance,0.0019157088122605363,0.040229885057471264,0.15517241379310345,0.15517241379310345,0.0,0.0,0.0,0.9061302681992337,0.0,1.0
class weights,44,0.1,Shellcode,0.0,0.14925373134328357,0.1791044776119403,0.1791044776119403,0.0,0.029850746268656716,0.0,0.0,0.8955223880597015,1.0
class weights,44,0.1,Worms,0.0,0.14285714285714285,0.8571428571428571,0.7142857142857143,0.0,0.2857142857142857,0.0,0.0,0.0,1.0
class weights,44,0.05,Analysis,0.9662921348314607,0.8089887640449438,0.8314606741573034,0.6741573033707865,0.5393258426966292,0.0,0.07865168539325842,0.0,0.0,1.0
class weights,44,0.05,Backdoor,0.797752808988764,0.9325842696629213,0.9662921348314607,0.6853932584269663,0.5955056179775281,0.056179775280898875,0.011235955056179775,0.011235955056179775,0.011235955056179775,1.0
class weights,44,0.05,DoS,0.3319838056680162,0.5708502024291497,0.9311740890688259,0.8259109311740891,0.27125506072874495,0.2388663967611336,0.008097165991902834,0.02834008097165992,0.02834008097165992,1.0
class weights,44,0.05,Exploits,0.07590759075907591,0.2524752475247525,0.7334983498349835,0.9496699669966997,0.09323432343234324,0.18976897689768976,0.0016501650165016502,0.06765676567656766,0.01155115511551155,1.0
class weights,44,0.05,Fuzzers,0.06850459482038429,0.0960735171261487,0.10944026733500417,0.08688387635756056,0.9473684210526315,0.011695906432748537,0.011695906432748537,0.004177109440267335,0.000835421888053467,1.0
class weights,44,0.05,Generic,0.0016891891891891893,0.06756756756756757,0.19256756756756757,0.2533783783783784,0.02195945945945946,0.9510135135135135,0.0,0.005067567567567568,0.0016891891891891893,1.0
class weights,44,0.05,Normal,0.0007366049982385533,0.0004803945640686217,0.00045904369455446073,0.0006618769549389899,0.004739893032143734,4.803945640686217e-05,0.9953828744675627,0.0,6.405260854248289e-05,1.0
class weights,44,0.05,Reconnaissance,0.0019157088122605363,0.11302681992337164,0.1685823754789272,0.18582375478927204,0.011494252873563218,0.009578544061302681,0.0,0.9406130268199234,0.0,1.0
class weights,44,0.05,Shellcode,0.0,0.22388059701492538,0.19402985074626866,0.23880597014925373,0.0,0.05970149253731343,0.0,0.0,0.9402985074626866,1.0
class weights,44,0.05,Worms,0.0,0.42857142857142855,0.8571428571428571,0.8571428571428571,0.0,0.42857142857142855,0.0,0.14285714285714285,0.0,1.0
