weights,seed,alpha,class,flows,coverage,mean set size,single-class share
class weights,42,0.1,Analysis,89,0.898876404494382,3.7865168539325844,0.0
class weights,42,0.1,Backdoor,89,0.8539325842696629,3.932584269662921,0.0
class weights,42,0.1,DoS,247,0.8866396761133604,3.380566801619433,0.0
class weights,42,0.1,Exploits,1212,0.8844884488448845,2.891089108910891,0.0008250825082508251
class weights,42,0.1,Fuzzers,1197,0.8913951545530493,2.1963241436925647,0.0
class weights,42,0.1,Generic,592,0.8952702702702703,2.295608108108108,0.0
class weights,42,0.1,Normal,187346,0.9958259050099816,2.001233012714443,0.0
class weights,42,0.1,Reconnaissance,522,0.9022988505747126,2.256704980842912,0.0
class weights,42,0.1,Shellcode,67,0.8507462686567164,2.4029850746268657,0.0
class weights,42,0.1,Worms,7,1.0,3.2857142857142856,0.0
class weights,42,0.1,all flows,191368,0.9935987207892647,2.013393043769073,5.225534049579867e-06
class weights,42,0.05,Analysis,89,0.898876404494382,4.707865168539326,0.0
class weights,42,0.05,Backdoor,89,0.8651685393258427,5.0,0.0
class weights,42,0.05,DoS,247,0.9190283400809717,4.02834008097166,0.0
class weights,42,0.05,Exploits,1212,0.9471947194719472,3.283828382838284,0.0008250825082508251
class weights,42,0.05,Fuzzers,1197,0.9398496240601504,2.345864661654135,0.0
class weights,42,0.05,Generic,592,0.9408783783783784,2.4780405405405403,0.0
class weights,42,0.05,Normal,187346,0.9958259050099816,2.0028716919496548,0.0
class weights,42,0.05,Reconnaissance,522,0.9559386973180076,2.3831417624521074,0.0
class weights,42,0.05,Shellcode,67,0.9104477611940298,2.582089552238806,0.0
class weights,42,0.05,Worms,7,1.0,3.857142857142857,0.0
class weights,42,0.05,all flows,191368,0.9946542786672798,2.0211738639688974,5.225534049579867e-06
class weights,43,0.1,Analysis,89,0.9550561797752809,3.8876404494382024,0.0
class weights,43,0.1,Backdoor,89,0.8651685393258427,3.9775280898876404,0.0
class weights,43,0.1,DoS,247,0.8866396761133604,3.380566801619433,0.0
class weights,43,0.1,Exploits,1212,0.8927392739273927,2.934818481848185,0.0008250825082508251
class weights,43,0.1,Fuzzers,1197,0.8939014202172096,2.218045112781955,0.0
class weights,43,0.1,Generic,592,0.8868243243243243,2.277027027027027,0.0016891891891891893
class weights,43,0.1,Normal,187346,0.9955963831627043,2.0012597013013353,0.0
class weights,43,0.1,Reconnaissance,522,0.9061302681992337,2.2720306513409962,0.0
class weights,43,0.1,Shellcode,67,0.8805970149253731,2.253731343283582,0.0
class weights,43,0.1,Worms,7,1.0,2.857142857142857,0.14285714285714285
class weights,43,0.1,all flows,191368,0.9934680824380252,2.0138163120270893,1.5676602148739603e-05
class weights,43,0.05,Analysis,89,0.9662921348314607,4.955056179775281,0.0
class weights,43,0.05,Backdoor,89,0.898876404494382,5.224719101123595,0.0
class weights,43,0.05,DoS,247,0.9473684210526315,4.105263157894737,0.0
class weights,43,0.05,Exploits,1212,0.9405940594059405,3.344884488448845,0.0008250825082508251
class weights,43,0.05,Fuzzers,1197,0.9615705931495405,2.4143692564745196,0.0
class weights,43,0.05,Generic,592,0.9324324324324325,2.4510135135135136,0.0016891891891891893
class weights,43,0.05,Normal,187346,0.9955963831627043,2.0028610165148977,0.0
class weights,43,0.05,Reconnaissance,522,0.9444444444444444,2.3984674329501914,0.0
class weights,43,0.05,Shellcode,67,0.8955223880597015,2.4477611940298507,0.0
class weights,43,0.05,Worms,7,1.0,3.5714285714285716,0.14285714285714285
class weights,43,0.05,all flows,191368,0.9945445424522387,2.022198068642615,1.5676602148739603e-05
class weights,44,0.1,Analysis,89,0.8089887640449438,3.6853932584269664,0.0
class weights,44,0.1,Backdoor,89,0.8876404494382022,3.955056179775281,0.0
class weights,44,0.1,DoS,247,0.902834008097166,3.3927125506072873,0.0
class weights,44,0.1,Exploits,1212,0.886963696369637,2.8894389438943895,0.0024752475247524753
class weights,44,0.1,Fuzzers,1197,0.9055973266499582,2.1971595655806184,0.0
class weights,44,0.1,Generic,592,0.8868243243243243,2.2905405405405403,0.0016891891891891893
class weights,44,0.1,Normal,187346,0.9953828744675627,2.001233012714443,5.337717378540241e-06
class weights,44,0.1,Reconnaissance,522,0.9061302681992337,2.2586206896551726,0.0
class weights,44,0.1,Shellcode,67,0.8955223880597015,2.4328358208955225,0.0
class weights,44,0.1,Worms,7,1.0,3.0,0.14285714285714285
class weights,44,0.1,all flows,191368,0.9932642866100916,2.0133564650307263,3.1353204297479205e-05
class weights,44,0.05,Analysis,89,0.9662921348314607,4.898876404494382,0.0
class weights,44,0.05,Backdoor,89,0.9325842696629213,5.067415730337078,0.0
class weights,44,0.05,DoS,247,0.9311740890688259,4.234817813765182,0.0
class weights,44,0.05,Exploits,1212,0.9496699669966997,3.3754125412541254,0.0024752475247524753
class weights,44,0.05,Fuzzers,1197,0.9473684210526315,2.336675020885547,0.0
class weights,44,0.05,Generic,592,0.9510135135135135,2.4949324324324325,0.0016891891891891893
class weights,44,0.05,Normal,187346,0.9953828744675627,2.0025727797764565,0.0
class weights,44,0.05,Reconnaissance,522,0.9406130268199234,2.4310344827586206,0.0
class weights,44,0.05,Shellcode,67,0.9402985074626866,2.656716417910448,0.0
class weights,44,0.05,Worms,7,1.0,3.7142857142857144,0.14285714285714285
class weights,44,0.05,all flows,191368,0.9943616487605034,2.021994272814682,2.6127670247899335e-05
