weights,seed,class,flows,"recall, one label"
class weights,42,Analysis,89,0.16853932584269662
class weights,42,Backdoor,89,0.12359550561797752
class weights,42,DoS,247,0.17408906882591094
class weights,42,Exploits,1212,0.7896039603960396
class weights,42,Fuzzers,1197,0.8913951545530493
class weights,42,Generic,592,0.8631756756756757
class weights,42,Normal,187346,0.9958259050099816
class weights,42,Reconnaissance,522,0.8984674329501916
class weights,42,Shellcode,67,0.835820895522388
class weights,42,Worms,7,0.14285714285714285
class weights,43,Analysis,89,0.14606741573033707
class weights,43,Backdoor,89,0.11235955056179775
class weights,43,DoS,247,0.1659919028340081
class weights,43,Exploits,1212,0.8044554455445545
class weights,43,Fuzzers,1197,0.8939014202172096
class weights,43,Generic,592,0.8530405405405406
class weights,43,Normal,187346,0.9955963831627043
class weights,43,Reconnaissance,522,0.8831417624521073
class weights,43,Shellcode,67,0.8805970149253731
class weights,43,Worms,7,0.14285714285714285
class weights,44,Analysis,89,0.21348314606741572
class weights,44,Backdoor,89,0.12359550561797752
class weights,44,DoS,247,0.20647773279352227
class weights,44,Exploits,1212,0.7904290429042904
class weights,44,Fuzzers,1197,0.9055973266499582
class weights,44,Generic,592,0.8547297297297297
class weights,44,Normal,187346,0.9953828744675627
class weights,44,Reconnaissance,522,0.9061302681992337
class weights,44,Shellcode,67,0.8656716417910447
class weights,44,Worms,7,0.14285714285714285
