,weighted F1 (epoch 10),weighted F1 (epoch 10),macro F1 (epoch 10),macro F1 (epoch 10),weighted F1 (best epoch),weighted F1 (best epoch),macro F1 (best epoch),macro F1 (best epoch)
,mean,std,mean,std,mean,std,mean,std
condition,,,,,,,,
full,0.9917863785455744,0.0001336785253272372,0.5122008106532968,0.015555570464018871,0.9925498782762417,6.577915642002264e-05,0.5496254393612278,0.00421718502257096
no residual,0.9892797369395893,0.00011633549028515578,0.42130975767924467,0.01767363760774277,0.989861663391668,0.0004230403928791097,0.43871646340470805,0.009003846794460325
mean instead of attention,0.9916794233944072,0.00039290905736081465,0.5133737230710105,0.015956592706162228,0.9925488230051177,0.00018640570946993408,0.5575631843549443,0.0063234527497541965
no temporal branch,0.9915122684062186,0.0002647276884025941,0.5047021615744208,0.024837051064163933,0.9924731511810313,0.00013379516384872184,0.5415941483603868,0.006412623442428053
no graph convolution branch,0.9917459808995192,0.00024689589220260163,0.5074183181710021,0.024046835034388196,0.9925389900479846,0.0001266432352548651,0.5494311035793272,0.01749510264867393
isolated flows,0.9906370541473611,5.530731829639978e-05,0.511326782364727,0.011644398162207286,0.9916003009469869,0.00027095826808738017,0.5346345407075992,0.007876861629790548
shuffled neighbours,0.9907527719024003,0.00039340877489876195,0.5019880824082689,0.02721835741269769,0.991650538569338,0.00020974102749385287,0.5420667195071578,0.00412977697702539
