condition,seed,best epoch,last epoch,weighted F1 (epoch 10),macro F1 (epoch 10),accuracy (epoch 10),weighted F1 (best epoch),macro F1 (best epoch),accuracy (best epoch)
full,42,26,36,0.9916320288799348,0.4945276112683692,0.9920310605743908,0.9925561180830542,0.5513049414303745,0.992574516115547
full,43,21,31,0.9918649968711688,0.5182590493025367,0.991952677563647,0.9924812015575716,0.5448272664044238,0.9924543288324068
full,44,39,49,0.9918621098856196,0.5238157713889843,0.9919683541657958,0.9926123151880992,0.552744110248885,0.992673801262489
no residual,42,16,26,0.989146140186292,0.4016999286455572,0.9900035533631536,0.990023733586262,0.4438390530886716,0.9903797918147236
no residual,43,17,27,0.989334374850326,0.4360083845131315,0.9898938171481124,0.990179706122652,0.4439902539672019,0.990573136574558
no residual,44,5,15,0.98935869578215,0.4262209598790454,0.9899199448183604,0.98938155046609,0.4283200831582507,0.9893085573345596
mean instead of attention,42,33,43,0.9912295871795976,0.4954535332870468,0.9916391455206722,0.9925198279287384,0.5641355459713356,0.9924961331048032
mean instead of attention,43,41,51,0.9919554596222832,0.5186239730376092,0.9920937669829856,0.9927480272098962,0.5570318359855579,0.9928566949542244
mean instead of attention,44,35,45,0.9918532233813409,0.5260436628883755,0.9918586179507546,0.9923786138767188,0.5515221711079397,0.9925692905814976
no temporal branch,42,30,40,0.9913333057934312,0.4763138075608652,0.9918063626102588,0.9924589941859644,0.5411780051453835,0.9925013586388528
no temporal branch,43,39,49,0.9913871336917164,0.5153671569671885,0.99179068600811,0.9926134619212365,0.5482047083929332,0.9926790267965386
no temporal branch,44,27,37,0.9918163657335082,0.5224255201952088,0.9918847456210024,0.9923469974358932,0.5353997315428436,0.9924543288324068
no graph convolution branch,42,35,45,0.991487879097266,0.4800572328692875,0.9918011370762092,0.9925470562506226,0.5552515979231212,0.9927156055348856
no graph convolution branch,43,48,58,0.9917701739142388,0.5170026999967331,0.9919317754274488,0.992661407376942,0.5632740650816823,0.992861920488274
no graph convolution branch,44,34,44,0.9919798896870528,0.5251950216469858,0.9919108732912504,0.9924085065163892,0.5297676477331782,0.9926894778646378
isolated flows,42,17,27,0.9905742063709516,0.498502128083483,0.99116884745621,0.9913305341870244,0.5269296668538457,0.99141967309059
isolated flows,43,28,38,0.9906586537184172,0.521237422024971,0.990870992015384,0.991597933445516,0.5426728035157299,0.991654822122821
isolated flows,44,41,51,0.9906783023527144,0.5142407969857269,0.9909598260942268,0.9918724352084204,0.5343011517532219,0.9921355712553824
shuffled neighbours,42,39,49,0.990489727152884,0.481651312022012,0.9908553154132352,0.9916683973677533,0.542852888807704,0.9919631286317462
shuffled neighbours,43,29,39,0.9905635512975296,0.4914043398083768,0.9907873834705908,0.9914324391529112,0.5376003669730931,0.9916286944525732
shuffled neighbours,44,38,48,0.9912050372567874,0.5329085953944178,0.991095689979516,0.99185077918735,0.5457469027406763,0.9919056477572008
