condition,seed,epoch,train loss,val loss,val weighted F1,val macro F1
"GNN, graph",42,1,0.35287332789839104,0.31110838055610657,0.9778767626150883,0.5176395351373344
"GNN, graph",42,2,0.30054337181860025,0.2963699698448181,0.9788932833571833,0.538564546622715
"GNN, graph",42,3,0.29023258859935175,0.2941714823246002,0.9786418418825628,0.5569530052245797
"GNN, graph",42,4,0.2846703107709784,0.29227086901664734,0.9788639339871844,0.5551262004121559
"GNN, graph",42,5,0.2785889286308842,0.2944261431694031,0.9786559191707451,0.5508428739405116
"GNN, graph",42,6,0.27765357384176975,0.2818431556224823,0.9792228261959852,0.570386607870474
"GNN, graph",42,7,0.27530372636289746,0.28889885544776917,0.978997581255652,0.5659479152292659
"GNN, graph",42,8,0.2723692553639453,0.28447067737579346,0.9791426036064926,0.5638457311502603
"GNN, graph",42,9,0.273272753312377,0.28895214200019836,0.9793233532762678,0.5590867284887162
"GNN, graph",42,10,0.27272641308499074,0.2934134006500244,0.979520678901218,0.5707082113583626
"GNN, graph",42,11,0.26984237443324816,0.28109729290008545,0.9791615404701219,0.5740208351072932
"GNN, graph",42,12,0.26801961842788175,0.2949446737766266,0.9795044646302541,0.5696998137747149
"GNN, graph",42,13,0.2716687108904492,0.28662732243537903,0.9795127435659844,0.5814050538017139
"GNN, graph",42,14,0.2666925866897774,0.2852897644042969,0.9793327721635942,0.5684812944193296
"GNN, graph",42,15,0.26812146239117873,0.28984805941581726,0.9790645495445144,0.5528999217720425
"GNN, graph",42,16,0.2659705901074258,0.2848403751850128,0.979463079836226,0.5675922998838494
"GNN, graph",42,17,0.26684244543024177,0.2843477129936218,0.9789029420406363,0.5643567192283413
"GNN, graph",42,18,0.2636515283939011,0.28898829221725464,0.9796029750811885,0.5718110470624744
"GNN, graph",42,19,0.2519542840565234,0.28167271614074707,0.9799121719247588,0.5875877765904005
"GNN, graph",42,20,0.24944732512706014,0.27915793657302856,0.9798200196659839,0.586107007386093
"GNN, graph",42,21,0.24769180205058902,0.27749720215797424,0.9800966045388735,0.593437262853183
"GNN, graph",42,22,0.2463734919259281,0.2781946063041687,0.9799423699277897,0.586982788673003
"GNN, graph",42,23,0.24571468878835062,0.2812022566795349,0.9796074618487787,0.5746300099977064
"GNN, graph",42,24,0.2450510505106887,0.27608707547187805,0.980087204038781,0.5852844411216409
"GNN, graph",42,25,0.24461555127941478,0.2787845730781555,0.9800087128614526,0.5848765938947913
"GNN, graph",42,26,0.24431265117463302,0.2813180685043335,0.9799658043371877,0.5877936202987071
"GNN, graph",42,27,0.23693614004034588,0.27590253949165344,0.9799267895154407,0.5909935947844505
"GNN, graph",42,28,0.23434473447124377,0.2799657881259918,0.9799783967486003,0.587550494974902
"GNN, graph",42,29,0.23329988518072406,0.2789631485939026,0.9801619789659337,0.5984040971408244
"GNN, graph",42,30,0.23392110887511383,0.2758673131465912,0.9800160473301781,0.5893428094321784
"GNN, graph",42,31,0.23241865029818737,0.277149498462677,0.9802303068512728,0.595957868374207
"GNN, graph",42,32,0.2319334837735147,0.2779007852077484,0.9800695015064504,0.5907056231963127
"GNN, graph",42,33,0.23167641039200132,0.27723827958106995,0.9800005812631137,0.5917284149699809
"GNN, graph",42,34,0.23135525610329327,0.28013426065444946,0.9800881251845851,0.5935608504280689
"GNN, graph",42,35,0.22696774900359393,0.27641037106513977,0.9800981769414424,0.5982346949334809
"GNN, graph",42,36,0.22741082226759501,0.27780842781066895,0.9802466035267646,0.597198613501925
"GNN, graph",42,37,0.2245237080995329,0.2786671221256256,0.9802037277619521,0.5929539019791464
"GNN, graph",42,38,0.22590531877650147,0.28103336691856384,0.9801840518234061,0.5975701814974503
"GNN, graph",42,39,0.2258320725246531,0.2778772711753845,0.9801318996747196,0.5931179462877608
"GNN, graph",42,40,0.22310659892574203,0.28108662366867065,0.9803776769277655,0.5982463760559549
"GNN, graph",42,41,0.22172174442061557,0.2803577482700348,0.9803566237778366,0.5980264576184131
"GNN, graph",42,42,0.22127051568299108,0.2815454304218292,0.9802965950888084,0.5945764095352473
"GNN, graph",42,43,0.2222592865291773,0.27994805574417114,0.9802416277535346,0.5968874275776016
"GNN, graph",42,44,0.22119964109795626,0.2813011109828949,0.9803604430565659,0.6030594933081626
"GNN, graph",42,45,0.22180467625370898,0.2840370237827301,0.9803230180280101,0.5998776316899156
"GNN, graph",42,46,0.22158300956256058,0.28045454621315,0.9803725557818335,0.6052306453235498
"GNN, graph",42,47,0.22047291648305375,0.28274083137512207,0.9802762612648807,0.5948804077975831
"GNN, graph",42,48,0.22169535006414212,0.28309813141822815,0.980342141280042,0.6045190360755699
"GNN, graph",42,49,0.2200271961328672,0.2815764248371124,0.9802824357138832,0.6014434737463663
"GNN, graph",42,50,0.22117134940803196,0.2809393107891083,0.9802736272569541,0.6003958768157645
"GNN, graph",42,51,0.2201225371387722,0.281502366065979,0.9802964676334017,0.6006022888590726
"GNN, graph",42,52,0.21962753202209231,0.28234779834747314,0.980324648268059,0.6014381814363363
"GNN, graph",42,53,0.21939972959938112,0.28313952684402466,0.9803683632218314,0.6008176518372393
"GNN, graph",42,54,0.21969629505860924,0.2818510830402374,0.9803923443609639,0.6008498380780848
"GNN, graph",42,55,0.21902837247960671,0.28430503606796265,0.9802725040742815,0.6022153315873859
"GNN, graph",42,56,0.21896014498075736,0.28212785720825195,0.9803623200798727,0.6026073135684399
"GNN, graph",42,57,0.21813073484336595,0.28617551922798157,0.9803784271342962,0.6016678210009381
"GNN, graph",42,58,0.21728484544688936,0.283780962228775,0.9803137214488484,0.5985671883029658
"GNN, graph",42,59,0.2175120358265519,0.28197622299194336,0.980399247881515,0.6007788362851263
"GNN, graph",42,60,0.21755726580784787,0.2822115421295166,0.980442927892489,0.6056953361841003
"GNN, graph",42,61,0.2177646871970387,0.2819683849811554,0.9803763970837681,0.6030899652527167
"GNN, graph",42,62,0.21731523338425532,0.2828829288482666,0.9804019462823094,0.6017021552266412
"GNN, graph",42,63,0.21795423692920865,0.2837525010108948,0.9803757436404892,0.6018728872050991
"GNN, graph",42,64,0.21822468345133522,0.2822807729244232,0.9804289554358671,0.6023123894338451
"GNN, graph",42,65,0.21759444742305395,0.2845722734928131,0.9802677221112546,0.5975389838961501
"GNN, graph",42,66,0.2173960077656022,0.28339698910713196,0.9803747640571409,0.6018555143178926
"GNN, graph",42,67,0.21661390855587218,0.2845389246940613,0.9804162865680351,0.6025065157122815
"GNN, graph",42,68,0.21677776778107466,0.2843143939971924,0.9803566577607269,0.6017176105753788
"GNN, graph",42,69,0.217573882776619,0.28251150250434875,0.9803642777295919,0.6023344304881859
"GNN, graph",42,70,0.2164151628768961,0.283225417137146,0.9803575817642456,0.5991117600019686
"GNN, graph",42,71,0.21698076715923892,0.2853652834892273,0.9804164140877857,0.6034632334827197
"GNN, graph",42,72,0.21726585681130467,0.2838759422302246,0.9803986231440248,0.5996071390205714
"GNN, graph",42,73,0.21655977334821822,0.2846858501434326,0.9803320037382679,0.6009149231756873
"GNN, graph",42,74,0.21677467696367891,0.2837734818458557,0.9804261750827571,0.6036232984221661
"GNN, graph",42,75,0.21717305578405163,0.2864460349082947,0.9804021628424757,0.6003008488464202
"GNN, graph",42,76,0.21672641736929207,0.2852371633052826,0.9804168577857202,0.6023296617094648
"GNN, graph",42,77,0.2167553670054937,0.28321847319602966,0.9803943523249954,0.6015237891693126
"GNN, graph",42,78,0.2169942933106143,0.2860313057899475,0.9804031369543568,0.6012305801440843
"GNN, graph",42,79,0.2171697966548175,0.28465157747268677,0.9804020553821923,0.6014885955278932
"GNN, graph",42,80,0.2165387955727254,0.2848120927810669,0.9803869733665209,0.6006461556072322
"GNN, no graph",42,1,0.3679874861678271,0.32768961787223816,0.9770136382859554,0.5060381898733313
"GNN, no graph",42,2,0.3081461093647483,0.3068862855434418,0.9785250583181442,0.5282346069253581
"GNN, no graph",42,3,0.2937544679142552,0.2938942611217499,0.9787917868092035,0.5613405551130406
"GNN, no graph",42,4,0.2898540399737556,0.29564711451530457,0.9789800547123294,0.5618423291835886
"GNN, no graph",42,5,0.2851738691892633,0.2932862937450409,0.9792818926533232,0.564345026828437
"GNN, no graph",42,6,0.2793206566977095,0.28950560092926025,0.979025582285249,0.5645240779242762
"GNN, no graph",42,7,0.2800745713250487,0.28606536984443665,0.9792843956196386,0.5759641318631992
"GNN, no graph",42,8,0.2770641151816054,0.28607848286628723,0.9789761002402384,0.5694679552407974
"GNN, no graph",42,9,0.2771584616175563,0.2839370369911194,0.9792082376749311,0.5641851731844059
"GNN, no graph",42,10,0.2729070575908027,0.290979266166687,0.9791442042081527,0.5633268363091807
"GNN, no graph",42,11,0.272987296434482,0.28737154603004456,0.979219097144164,0.5670356026715688
"GNN, no graph",42,12,0.2719225557448809,0.2974759340286255,0.9790585546402844,0.5588177503288055
"GNN, no graph",42,13,0.25509377417570045,0.2752680480480194,0.979898309702595,0.5983818411772611
"GNN, no graph",42,14,0.2518898971278044,0.27670925855636597,0.9798521966949224,0.5845744897677884
"GNN, no graph",42,15,0.2509677777696172,0.27621468901634216,0.9795901707437277,0.5747903841078549
"GNN, no graph",42,16,0.24744266992763203,0.2787710130214691,0.980000686823529,0.5860046185154287
"GNN, no graph",42,17,0.2480106458767884,0.2755904197692871,0.9795376286248139,0.57693749712546
"GNN, no graph",42,18,0.2479739079927926,0.27116841077804565,0.9799984015120285,0.5982327119748475
"GNN, no graph",42,19,0.23766038588090133,0.268256813287735,0.9802010911145876,0.6024879853795906
"GNN, no graph",42,20,0.23525647969975616,0.26581069827079773,0.9801890776248194,0.5962202495410878
"GNN, no graph",42,21,0.2347768062614452,0.2682620584964752,0.9801921822933419,0.5951736472390341
"GNN, no graph",42,22,0.23258123953406387,0.2672397494316101,0.9804324839950637,0.6039845286173998
"GNN, no graph",42,23,0.23238353432827052,0.26661622524261475,0.9803034757309009,0.5977292538475576
"GNN, no graph",42,24,0.23025116104566332,0.27062535285949707,0.9802668249396393,0.5973894457121416
"GNN, no graph",42,25,0.2305422793217584,0.2696076035499573,0.9803254150042319,0.59814281058981
"GNN, no graph",42,26,0.22958885396163226,0.272151380777359,0.9807556366592926,0.5997770834840829
"GNN, no graph",42,27,0.22806540230813674,0.27566179633140564,0.9802889169306803,0.6072480515017368
"GNN, no graph",42,28,0.22804399610250986,0.27110907435417175,0.9799793089956582,0.5874245999788378
"GNN, no graph",42,29,0.22766419278866398,0.27053526043891907,0.9804929783187968,0.6039156319591859
"GNN, no graph",42,30,0.22622489705435922,0.27572619915008545,0.9804039237932904,0.6063138156309313
"GNN, no graph",42,31,0.22546864136235886,0.27595776319503784,0.9803947936405956,0.6012783170258635
"GNN, no graph",42,32,0.226094271766699,0.27773305773735046,0.9801775482985284,0.5958499893661732
"GNN, no graph",42,33,0.220381691466651,0.27296850085258484,0.980547170011549,0.6049280285583184
"GNN, no graph",42,34,0.21893417905441798,0.27345022559165955,0.980556782488643,0.6111043868976289
"GNN, no graph",42,35,0.21801299306188,0.2747964859008789,0.9804612973778264,0.6048583474309813
"GNN, no graph",42,36,0.21777948333774005,0.2737266719341278,0.9806992293032835,0.6050604999392218
"GNN, no graph",42,37,0.21818154971748094,0.2747052013874054,0.9804229481572383,0.6004026552683628
"GNN, no graph",42,38,0.2173913715395086,0.2768388092517853,0.9806758668772718,0.6082689861260022
"GNN, no graph",42,39,0.21686802882967576,0.2746378481388092,0.9805023839818526,0.5986201370731659
"GNN, no graph",42,40,0.21384519411557332,0.27870649099349976,0.98068099166002,0.6069093545241036
"GNN, no graph",42,41,0.212714995421918,0.27737894654273987,0.9807179256735059,0.6086669584587814
"GNN, no graph",42,42,0.21247212143913355,0.27813607454299927,0.9806420575175271,0.6038993963310715
"GNN, no graph",42,43,0.21225850311407504,0.2790733575820923,0.9806709297209988,0.6089369815343085
"GNN, no graph",42,44,0.2121372420850593,0.2778109312057495,0.9807099671411722,0.6072914637905903
"GNN, no graph",42,45,0.21046387048679455,0.27739977836608887,0.9808420792189009,0.6112957943007219
"GNN, no graph",42,46,0.21036332711497596,0.278432697057724,0.9808540418379462,0.6104617648764528
"GNN, no graph",42,47,0.2103149451119794,0.2781222462654114,0.980759228010458,0.6079851060381849
"GNN, no graph",42,48,0.20992886835688476,0.27932968735694885,0.9808367996979358,0.6115999714811051
"GNN, no graph",42,49,0.2097981206606148,0.27856266498565674,0.9807212692083088,0.6105270253814339
"GNN, no graph",42,50,0.20975755750756486,0.27981412410736084,0.9808072562118125,0.6099753604751191
"GNN, no graph",42,51,0.20980179291890674,0.2798556685447693,0.9807388446880467,0.6063665718898006
"GNN, no graph",42,52,0.21001317728683766,0.27925029397010803,0.980742267283571,0.6078180656350631
"GNN, no graph",42,53,0.20859498173663543,0.28042903542518616,0.9808358284288274,0.6132024589692722
"GNN, no graph",42,54,0.2092497759922442,0.2795705199241638,0.9807295774724223,0.6116751500776876
"GNN, no graph",42,55,0.20877144904864028,0.28083598613739014,0.980840355873886,0.609026924100599
"GNN, no graph",42,56,0.20897611624411214,0.28072527050971985,0.9807829200945937,0.6070470223104593
"GNN, no graph",42,57,0.2089478704574165,0.2810874879360199,0.9807855057456444,0.610366413181935
"GNN, no graph",42,58,0.20887577178628436,0.27951470017433167,0.9807474188148587,0.6050786104007038
"GNN, no graph",42,59,0.20795426447114584,0.27990779280662537,0.9807864915575399,0.6104418488461225
"GNN, no graph",42,60,0.20747800317283116,0.28140273690223694,0.9808804125312507,0.6127612312825049
"GNN, no graph",42,61,0.20753625436998738,0.2816825211048126,0.9808397896667943,0.6116569956359729
"GNN, no graph",42,62,0.20740507824358334,0.28179433941841125,0.9808423217313145,0.6114470746675439
"GNN, no graph",42,63,0.20787814161696877,0.28153014183044434,0.9808300814313191,0.6130543225927421
"GNN, no graph",42,64,0.20700053308949537,0.28204986453056335,0.9808430973793947,0.6122611232353415
"GNN, no graph",42,65,0.20695964861384492,0.28191936016082764,0.9808156385219694,0.6118507976423269
"GNN, no graph",42,66,0.20686109438193445,0.2820417881011963,0.9808234945071896,0.61177246841275
"GNN, no graph",42,67,0.206951952172508,0.2821992039680481,0.9808357217875491,0.6114308516671603
"GNN, no graph",42,68,0.20695738405456487,0.28228044509887695,0.9807998696853346,0.6115746164399769
"GNN, no graph",42,69,0.20640726446135316,0.2822595536708832,0.9808546242375396,0.6114242019373293
"GNN, no graph",42,70,0.20660267450571404,0.282120019197464,0.9808505969462367,0.6108862743569714
"GNN, no graph",42,71,0.20631562631589256,0.28248196840286255,0.9808315885663927,0.6117842470343308
"GNN, no graph",42,72,0.2063905250839723,0.2824799418449402,0.9808361003891033,0.6112190317723836
"GNN, no graph",42,73,0.20669728105996063,0.2825603783130646,0.9808316595774442,0.6110107244846941
"GNN, graph",43,1,0.35025739470411393,0.31522148847579956,0.9774688528555923,0.5106793654332388
"GNN, graph",43,2,0.30164602857506584,0.30138295888900757,0.9786222819253159,0.5451022410300239
"GNN, graph",43,3,0.2891215774552719,0.29535412788391113,0.9788082572941642,0.558575975135835
"GNN, graph",43,4,0.28378701024315245,0.28905391693115234,0.9793583076181986,0.5711290563693575
"GNN, graph",43,5,0.27957104350891626,0.29033491015434265,0.9793056451424561,0.5648119839385177
"GNN, graph",43,6,0.2766472526611632,0.288547158241272,0.9792750019399321,0.5501053565432339
"GNN, graph",43,7,0.2744654722034529,0.30497777462005615,0.9783320783738831,0.5346937077169376
"GNN, graph",43,8,0.27391402141661036,0.28602442145347595,0.9791785445134924,0.5647802422287919
"GNN, graph",43,9,0.2722984113810629,0.286471962928772,0.9790420734935431,0.562731219274635
"GNN, graph",43,10,0.2594313385626291,0.2793634533882141,0.9795261489236156,0.574390606299439
"GNN, graph",43,11,0.2553908292693675,0.2783183157444,0.9797081310264049,0.5775319704370773
"GNN, graph",43,12,0.25372588856409806,0.2726149559020996,0.9798491368325972,0.5824541256992097
"GNN, graph",43,13,0.25296130908663594,0.2769831717014313,0.979826345366916,0.5858895246725693
"GNN, graph",43,14,0.2511333507153559,0.27757737040519714,0.9797948295217185,0.5827123205908333
"GNN, graph",43,15,0.2503311917947061,0.2759697437286377,0.979677750478115,0.5873311267140937
"GNN, graph",43,16,0.2500142912051862,0.27461138367652893,0.9801337331645055,0.5923693954212392
"GNN, graph",43,17,0.2487885678927113,0.27665579319000244,0.9797149712243732,0.5806405261567578
"GNN, graph",43,18,0.24833290184298404,0.2744218707084656,0.9796814393779688,0.5845841672730211
"GNN, graph",43,19,0.24592203367216037,0.2832658588886261,0.9799844072859646,0.5896869276245698
"GNN, graph",43,20,0.24761916784178933,0.2826228141784668,0.9798933774334574,0.5835267367097294
"GNN, graph",43,21,0.24528055135285995,0.28275027871131897,0.9796877551145706,0.5823853035784389
"GNN, graph",43,22,0.2366142972032081,0.27445605397224426,0.9801826552117204,0.5906278748729339
"GNN, graph",43,23,0.23551795979121987,0.278033584356308,0.9800783554564239,0.5906274692555579
"GNN, graph",43,24,0.2353717121047426,0.27841299772262573,0.9799350270769983,0.589111724167476
"GNN, graph",43,25,0.23388423328143207,0.275380402803421,0.9801161448746666,0.5937529490079702
"GNN, graph",43,26,0.23338694830439594,0.28087475895881653,0.9800752663219487,0.591272368321076
"GNN, graph",43,27,0.23336124249635223,0.278649240732193,0.9801140640332795,0.5975531326096546
"GNN, graph",43,28,0.2331150481800288,0.27933794260025024,0.9799002091842195,0.5889673918217821
"GNN, graph",43,29,0.2309245308077989,0.28409522771835327,0.9800320594457679,0.5875352125144996
"GNN, graph",43,30,0.23018495328887453,0.2763788104057312,0.9800702359968511,0.5911191419694125
"GNN, graph",43,31,0.23046367769323423,0.2819467782974243,0.9800894237015009,0.6006473872188076
"GNN, graph",43,32,0.23018375980492964,0.280906081199646,0.980045464269814,0.5953071757811106
"GNN, graph",43,33,0.2297247887227396,0.2859562635421753,0.9798859833935184,0.5911500654060505
"GNN, graph",43,34,0.2295224778930051,0.28270941972732544,0.9802115835598896,0.593135845978493
"GNN, graph",43,35,0.22870252382071546,0.2814698815345764,0.9800437195556142,0.587466574957075
"GNN, graph",43,36,0.2281191549888853,0.28632858395576477,0.9799420080009797,0.5845243590639672
"GNN, graph",43,37,0.2248652281206851,0.281642884016037,0.9801890759249604,0.5934636238142654
"GNN, graph",43,38,0.22382908514253258,0.2831299304962158,0.9802413927852932,0.5968911607325403
"GNN, graph",43,39,0.22221621399962788,0.2850305140018463,0.9800007898804074,0.5897881604656512
"GNN, graph",43,40,0.22286543866349384,0.2849174439907074,0.9800938915711439,0.5869268582423748
"GNN, graph",43,41,0.22173895813135913,0.2864539921283722,0.9801902929939498,0.5899534132904399
"GNN, graph",43,42,0.2197463448789134,0.28551584482192993,0.9802387029544484,0.5957051611290839
"GNN, graph",43,43,0.21889482468638916,0.28586459159851074,0.9803114062453054,0.5998213234211813
"GNN, graph",43,44,0.21860667481908008,0.28465431928634644,0.9803339211615306,0.5989591959005846
"GNN, graph",43,45,0.2188793859004867,0.2860700786113739,0.9803170038608002,0.6029564393460551
"GNN, graph",43,46,0.21909731912903826,0.28674766421318054,0.9802224849600182,0.5962363471901581
"GNN, graph",43,47,0.2181750161579365,0.2862890064716339,0.9802903057937219,0.5954418566794515
"GNN, graph",43,48,0.21717235193454568,0.29118070006370544,0.9801788347543576,0.5983915116530764
"GNN, graph",43,49,0.21791797337857555,0.28624555468559265,0.9802113876388352,0.5962401279523313
"GNN, graph",43,50,0.21802846244993487,0.2846544682979584,0.9800954196848815,0.5909391978977141
"GNN, graph",43,51,0.21643383018988024,0.287131130695343,0.9803127104169699,0.5998084412061728
"GNN, graph",43,52,0.21656425656354966,0.28659674525260925,0.9802791926508626,0.6024773143688571
"GNN, graph",43,53,0.21634431889401373,0.28946128487586975,0.9803566736485252,0.600403875892927
"GNN, graph",43,54,0.21603381415435235,0.28506794571876526,0.9803433072707904,0.6015968237266128
"GNN, graph",43,55,0.21557940279287485,0.2918107211589813,0.9803256746109457,0.5989912067209116
"GNN, graph",43,56,0.21524163153539566,0.28887057304382324,0.9803238896048518,0.5997512486172619
"GNN, graph",43,57,0.2153267973256167,0.2890267074108124,0.9802553127114257,0.6010616795035783
"GNN, graph",43,58,0.21500899397260007,0.28770220279693604,0.9802249520118802,0.597752332230882
"GNN, graph",43,59,0.2157854623862824,0.28769445419311523,0.9802810523774245,0.5995166241323855
"GNN, graph",43,60,0.2147268880303965,0.2902615964412689,0.9802910298388067,0.5999575712730593
"GNN, graph",43,61,0.21390401145254953,0.2902224063873291,0.9802891713689551,0.5951539480567926
"GNN, graph",43,62,0.2149057882135198,0.28919920325279236,0.9803013602723363,0.5978014687236858
"GNN, graph",43,63,0.2142631277113507,0.2904213070869446,0.9803150262969531,0.5988327677361489
"GNN, graph",43,64,0.2143643290294466,0.2889474332332611,0.9803433834355185,0.6008030066411673
"GNN, graph",43,65,0.21401748423377107,0.28976377844810486,0.9803053176814805,0.5990264378444434
"GNN, no graph",43,1,0.3674998102666549,0.3111078143119812,0.9777414624802717,0.5198844081504788
"GNN, no graph",43,2,0.30555487210748455,0.3232147693634033,0.9775291844947507,0.5132409078404507
"GNN, no graph",43,3,0.2936287542720605,0.29467669129371643,0.9785538862804126,0.5649189357623025
"GNN, no graph",43,4,0.28620412125307243,0.29342150688171387,0.9792334468328966,0.5673398195304745
"GNN, no graph",43,5,0.2817817123985233,0.28645622730255127,0.9792864577783159,0.565930949856462
"GNN, no graph",43,6,0.2815237056513607,0.3045315444469452,0.9788466764759283,0.5371590807523274
"GNN, no graph",43,7,0.27733775962866125,0.30188092589378357,0.9785975528217445,0.5414379885438334
"GNN, no graph",43,8,0.2757284842386674,0.363642156124115,0.9770648422210283,0.5374507917743552
"GNN, no graph",43,9,0.27693075100130243,0.28328296542167664,0.9790149311424433,0.563931897016606
"GNN, no graph",43,10,0.25834679828040386,0.2757004201412201,0.9795162720659658,0.5770072535431955
"GNN, no graph",43,11,0.25577656940078536,0.27397605776786804,0.9799196562240554,0.59014078141685
"GNN, no graph",43,12,0.2529188945033638,0.2720140218734741,0.9798902675390538,0.5806555774986439
"GNN, no graph",43,13,0.2518739228042344,0.2718011438846588,0.9797748597053768,0.5871659637615212
"GNN, no graph",43,14,0.2495766651243182,0.2736780047416687,0.9799274949891499,0.5962002271021402
"GNN, no graph",43,15,0.2482702745380299,0.2718908488750458,0.9799050562342192,0.5913598075799017
"GNN, no graph",43,16,0.24761122658323295,0.2742573022842407,0.9800207032032596,0.5948696192199783
"GNN, no graph",43,17,0.24568780479743824,0.27670031785964966,0.980015611065033,0.5921537861406416
"GNN, no graph",43,18,0.24618201425815486,0.2732357382774353,0.9800478714303166,0.5883397130073111
"GNN, no graph",43,19,0.24404878411527953,0.2765507102012634,0.9801610312149533,0.5852762770929785
"GNN, no graph",43,20,0.2349216003456819,0.26725879311561584,0.9803399569861525,0.605035472409326
"GNN, no graph",43,21,0.2331177411694429,0.2672823965549469,0.9800561192224315,0.5935004868100744
"GNN, no graph",43,22,0.23123834057992304,0.2672003209590912,0.9805763819013996,0.6000745008632243
"GNN, no graph",43,23,0.23092229685067128,0.26775556802749634,0.980518834327392,0.6015068490954859
"GNN, no graph",43,24,0.23035314271864626,0.2695539593696594,0.9803312202857326,0.59880065256252
"GNN, no graph",43,25,0.23014767986721113,0.2688247859477997,0.9805483206595561,0.5979075711442754
"GNN, no graph",43,26,0.22388017543601946,0.26705318689346313,0.9804896628908656,0.6025101210635861
"GNN, no graph",43,27,0.22246149025137832,0.27046287059783936,0.9807056545222699,0.6042231361382333
"GNN, no graph",43,28,0.22276751177570825,0.26959389448165894,0.9804781571543252,0.5993318204949521
"GNN, no graph",43,29,0.2216090060910524,0.27063220739364624,0.9806574750274162,0.6027215884840782
"GNN, no graph",43,30,0.22157359940068744,0.26940909028053284,0.9804269734125493,0.5996090524099336
"GNN, no graph",43,31,0.21872349853599302,0.2688977122306824,0.9806437900872307,0.6005352676829235
"GNN, no graph",43,32,0.21808578028144188,0.2695697844028473,0.9807282933153066,0.6054830122786056
"GNN, no graph",43,33,0.21767571143883976,0.2696421146392822,0.9806397743477436,0.602742155730043
"GNN, no graph",43,34,0.21727999500572873,0.2720552682876587,0.9806824221725546,0.6064973342045223
"GNN, no graph",43,35,0.21713042698571247,0.2709594964981079,0.9805874834908704,0.6007169143046704
"GNN, no graph",43,36,0.21693267587669046,0.269978404045105,0.9807198429952549,0.6038839841492646
"GNN, no graph",43,37,0.21636073694879404,0.2711426913738251,0.9807708291637309,0.6039617588049075
"GNN, no graph",43,38,0.2164418785559701,0.27122485637664795,0.9808961940741138,0.6039658042970606
"GNN, no graph",43,39,0.21614170204275487,0.27188384532928467,0.9806362029966693,0.6028970966772389
"GNN, no graph",43,40,0.2147033243730231,0.27185824513435364,0.9807641948374636,0.6028979917602604
"GNN, no graph",43,41,0.2144007608919181,0.27221381664276123,0.9808354165252998,0.6028007165548498
"GNN, no graph",43,42,0.21430731721946394,0.271851509809494,0.9807503332077926,0.6040215384516199
"GNN, no graph",43,43,0.21382808751236326,0.27235305309295654,0.9809116792865664,0.6044744355710326
"GNN, no graph",43,44,0.2137384997111157,0.27260226011276245,0.980795114409454,0.6032216159472137
"GNN, no graph",43,45,0.21328153306991002,0.27211326360702515,0.9808478502247144,0.6045471294341295
"GNN, no graph",43,46,0.21303798583977201,0.2727317810058594,0.9808320526097251,0.6054765467078754
"GNN, no graph",43,47,0.21290111771301545,0.27301397919654846,0.9808582478503276,0.6055962544463214
"GNN, no graph",43,48,0.21249658786000372,0.272533118724823,0.9807747387161673,0.6031845871862757
"GNN, no graph",43,49,0.212685311334058,0.2728879749774933,0.9807303796890372,0.6009829382761914
"GNN, no graph",43,50,0.21209306787802226,0.27290090918540955,0.9807980510460892,0.6025864670880685
"GNN, no graph",43,51,0.21186809615441113,0.2731620967388153,0.9808580915010652,0.6020127014268712
"GNN, no graph",43,52,0.21238525722945248,0.27306994795799255,0.9808429575790073,0.602904954798454
"GNN, no graph",43,53,0.21211014387907987,0.2733726501464844,0.9808095245577922,0.6034902313028321
"GNN, no graph",43,54,0.21218161520608714,0.27361541986465454,0.9808610779502749,0.6046046204016416
"GNN, graph",44,1,0.350729371701088,0.31013473868370056,0.9780226161880814,0.5201333461664295
"GNN, graph",44,2,0.3020002790916302,0.3011929988861084,0.9783787664864516,0.5513668768586877
"GNN, graph",44,3,0.29152834493766955,0.29509061574935913,0.978785821230038,0.5545346274160677
"GNN, graph",44,4,0.2864710026244406,0.29504889249801636,0.978779155667615,0.5511147887027585
"GNN, graph",44,5,0.28105506428900184,0.2916547656059265,0.9791552699980701,0.5667479607001014
"GNN, graph",44,6,0.27821068602681237,0.2806389629840851,0.9793886286904936,0.5757816912959121
"GNN, graph",44,7,0.27517259613972206,0.285902738571167,0.9790220090668815,0.5658956133840173
"GNN, graph",44,8,0.2738624567897608,0.2851678729057312,0.9789534558228478,0.5577435573714851
"GNN, graph",44,9,0.27239471635476953,0.2804470658302307,0.979479922613525,0.5684037770208827
"GNN, graph",44,10,0.2712410764123505,0.28561481833457947,0.978966558435153,0.5534366761897466
"GNN, graph",44,11,0.2698497801541369,0.2813045084476471,0.9795879301511762,0.567343391528716
"GNN, graph",44,12,0.2579872229893162,0.27449026703834534,0.9796734692657202,0.5798098547317198
"GNN, graph",44,13,0.2532484337818385,0.2802010774612427,0.9799438640636932,0.585232541456411
"GNN, graph",44,14,0.2527404686536032,0.2748853266239166,0.979747632545531,0.5895795765081557
"GNN, graph",44,15,0.2524605201631462,0.2749021053314209,0.9793818666651117,0.5815215257455413
"GNN, graph",44,16,0.24950537741022552,0.27623388171195984,0.9799176303353828,0.5810976169296374
"GNN, graph",44,17,0.24861552802177894,0.27130812406539917,0.979692439475581,0.5807877350434816
"GNN, graph",44,18,0.24780977334821822,0.27291902899742126,0.9800953202317105,0.5902441123466478
"GNN, graph",44,19,0.2456184909221775,0.2781550884246826,0.9797113019649102,0.5817404637970077
"GNN, graph",44,20,0.24709121950801533,0.27462226152420044,0.979807769975901,0.591576953834353
"GNN, graph",44,21,0.24449941611093157,0.27641892433166504,0.9797225133148018,0.5798955812394622
"GNN, graph",44,22,0.24517075082993037,0.2763116955757141,0.9797922630864341,0.5853484224859521
"GNN, graph",44,23,0.24374542497821128,0.2755909860134125,0.9798752641426463,0.5865422224331787
"GNN, graph",44,24,0.24433355244474475,0.275054931640625,0.9797726946375171,0.5862185323626196
"GNN, graph",44,25,0.24214764069645603,0.27887240052223206,0.9800034676754437,0.5803330623124203
"GNN, graph",44,26,0.23381444507280863,0.2711839973926544,0.9800279929030219,0.5910522321920746
"GNN, graph",44,27,0.23275432530822487,0.27909576892852783,0.9801861608702024,0.6003840140103269
"GNN, graph",44,28,0.23138221659958674,0.2788420021533966,0.9800354323643012,0.5916580325814554
"GNN, graph",44,29,0.23067937696465818,0.2766146659851074,0.9802388571340637,0.595171551096977
"GNN, graph",44,30,0.23101078297443128,0.2775487005710602,0.9799050881344478,0.5930097543217487
"GNN, graph",44,31,0.2300011873635144,0.2805509567260742,0.9801800843538809,0.5931201298347493
"GNN, graph",44,32,0.22962355680249125,0.2802756428718567,0.9800526758707973,0.5927111074803452
"GNN, graph",44,33,0.22443756304043402,0.2781335711479187,0.9801679504615852,0.5964087282621195
"GNN, graph",44,34,0.2240784926848615,0.27706974744796753,0.9801580455611136,0.5957481977390822
"GNN, graph",44,35,0.22309651551651538,0.2786940634250641,0.9802084944467503,0.600108471348772
"GNN, graph",44,36,0.22360478666627495,0.28222179412841797,0.9800721767106861,0.5902813742156399
"GNN, graph",44,37,0.22366133944397112,0.27871590852737427,0.9801260044848895,0.5954615677015531
"GNN, graph",44,38,0.2214181251652516,0.2783513069152832,0.9802705370962356,0.5983718205015381
"GNN, graph",44,39,0.21956814854529608,0.27931368350982666,0.9803187031775367,0.5997765616449009
"GNN, graph",44,40,0.21990971446967694,0.277526319026947,0.980303923724556,0.5972474561622915
"GNN, graph",44,41,0.21978303685968056,0.2799784541130066,0.980272247758884,0.5990767842024987
"GNN, graph",44,42,0.21864110224056718,0.27713948488235474,0.9801716692100109,0.5982144615670829
"GNN, graph",44,43,0.21836217892221668,0.2799488604068756,0.9803225887138696,0.6003608439157353
"GNN, graph",44,44,0.21761978600526846,0.28097015619277954,0.980408572362395,0.6050502328651273
"GNN, graph",44,45,0.2178413302878071,0.2791539132595062,0.9802983292466233,0.6022372736655084
"GNN, graph",44,46,0.21717920681669065,0.2814111113548279,0.9803371392152631,0.6027588316798953
"GNN, graph",44,47,0.21849208505929474,0.2810389995574951,0.9802574585181854,0.5985931032948794
"GNN, graph",44,48,0.21725786964951968,0.2819683849811554,0.9802382276870351,0.5952000249150589
"GNN, graph",44,49,0.2172437008529432,0.2823561728000641,0.9803031059342818,0.6022244703466603
"GNN, graph",44,50,0.21722090224938062,0.28131958842277527,0.9803284688181609,0.6009832662287781
"GNN, graph",44,51,0.2164918518708932,0.2805158793926239,0.9803651035391723,0.6029401779885022
"GNN, graph",44,52,0.21700965559113566,0.2801080048084259,0.9802799605789028,0.5959314478914813
"GNN, graph",44,53,0.2166794889685361,0.2802194356918335,0.9802429390593709,0.5973497192125741
"GNN, graph",44,54,0.2163870394988102,0.2808874845504761,0.9803431953888102,0.6009335879623563
"GNN, graph",44,55,0.21694897152286102,0.28015071153640747,0.9802900330751843,0.5989373326666236
"GNN, graph",44,56,0.21537960133963982,0.2791678309440613,0.9804053465452756,0.6038153059596371
"GNN, graph",44,57,0.21579903444088644,0.27967292070388794,0.9802514230760742,0.600343739805594
"GNN, graph",44,58,0.21651454336692225,0.2810686230659485,0.9802912266836212,0.5986977236289278
"GNN, graph",44,59,0.21571838246814928,0.28103193640708923,0.9803585138557288,0.6011964915932226
"GNN, graph",44,60,0.21570070972511923,0.2822359502315521,0.9802871139537443,0.5983575055163171
"GNN, graph",44,61,0.21504536463076668,0.2821936309337616,0.9802817889574684,0.6005876062040078
"GNN, graph",44,62,0.2156362156888667,0.2806890308856964,0.9802922094378216,0.5994670584746968
"GNN, graph",44,63,0.2162298362417619,0.28036248683929443,0.9803476945116697,0.600162353686322
"GNN, graph",44,64,0.21566602218533643,0.2791665494441986,0.9802777833425291,0.6002504726948087
"GNN, no graph",44,1,0.36601444299186225,0.3224383294582367,0.9770656915240429,0.5071567772511502
"GNN, no graph",44,2,0.3051473738456868,0.3034977316856384,0.9781646406729778,0.545232636683324
"GNN, no graph",44,3,0.2930805167112234,0.29794472455978394,0.9786291761485163,0.5491604636681133
"GNN, no graph",44,4,0.2861765487137303,0.29491111636161804,0.9788731428397619,0.5497838754490109
"GNN, no graph",44,5,0.28524905867779116,0.289977103471756,0.9792307620951592,0.5702586954098636
"GNN, no graph",44,6,0.28055692245169755,0.28460368514060974,0.9792510491369854,0.5693794376057422
"GNN, no graph",44,7,0.2779516388064671,0.2937984764575958,0.9790670563437217,0.5737337395247919
"GNN, no graph",44,8,0.27540918138018156,0.29453256726264954,0.9792714626662488,0.5567826782616901
"GNN, no graph",44,9,0.2744736429781525,0.2873832583427429,0.9791020464878999,0.5649200588624429
"GNN, no graph",44,10,0.2748237622041384,0.30383095145225525,0.978632241667514,0.5431588045115692
"GNN, no graph",44,11,0.2724731190693029,0.2877034842967987,0.9789179682992393,0.5592875425422018
"GNN, no graph",44,12,0.2717116457103127,0.29384878277778625,0.9796853633720279,0.5636014877748996
"GNN, no graph",44,13,0.2566314252279248,0.27724093198776245,0.979585994898391,0.5839963218608069
"GNN, no graph",44,14,0.253379502800709,0.27240848541259766,0.9799718001230318,0.5898177254126982
"GNN, no graph",44,15,0.2517543295925262,0.27450329065322876,0.979593135039721,0.5865882270413019
"GNN, no graph",44,16,0.2497290944455869,0.279416024684906,0.9796960888219391,0.5911801328210993
"GNN, no graph",44,17,0.25026555017773733,0.27296924591064453,0.9797674639868752,0.589896092218242
"GNN, no graph",44,18,0.24763218905764955,0.27520862221717834,0.9799798356522592,0.5914896993752258
"GNN, no graph",44,19,0.24883942867005493,0.2715184688568115,0.980065849314585,0.5877842308824014
"GNN, no graph",44,20,0.24537893727293203,0.2728101909160614,0.9800686087885223,0.5997460201874794
"GNN, no graph",44,21,0.24536053007824357,0.27067485451698303,0.9800018440697914,0.5880869643771669
"GNN, no graph",44,22,0.24510980664336007,0.2740207314491272,0.9801090897343324,0.5921984832830657
"GNN, no graph",44,23,0.24386143773808475,0.27560684084892273,0.9798481397661082,0.5900386588484322
"GNN, no graph",44,24,0.24400796084393392,0.27099019289016724,0.9801108763765387,0.59594205714534
"GNN, no graph",44,25,0.24327138233594797,0.2722901999950409,0.9800275303685565,0.591899281527936
"GNN, no graph",44,26,0.23332000609594877,0.2689698040485382,0.9802168057019455,0.5978387008898215
"GNN, no graph",44,27,0.2315102560053664,0.2703927159309387,0.9803434981470732,0.6041505793719347
"GNN, no graph",44,28,0.23070205315961104,0.2707977592945099,0.9802498904489252,0.5942850118217464
"GNN, no graph",44,29,0.23011802638150358,0.26807478070259094,0.9805967220288474,0.6050310450700466
"GNN, no graph",44,30,0.22905398954140838,0.27420011162757874,0.9803743481935538,0.6066434354196852
"GNN, no graph",44,31,0.22866999373267918,0.2723250091075897,0.980381392469404,0.6002041174227675
"GNN, no graph",44,32,0.22681408029515163,0.27132925391197205,0.9806468821564013,0.5971454425894691
"GNN, no graph",44,33,0.22834184685214018,0.2723691761493683,0.9803574531602044,0.6008621314138188
"GNN, no graph",44,34,0.22678756353006846,0.272676557302475,0.9802352899904906,0.5952086023635155
"GNN, no graph",44,35,0.22572738256117983,0.2742377519607544,0.9805758721613024,0.5972440789737663
"GNN, no graph",44,36,0.22159701004729868,0.27383241057395935,0.9804979799356256,0.6041327865023001
"GNN, no graph",44,37,0.22078074353437724,0.2704310119152069,0.9805307855432145,0.6052999326009336
"GNN, no graph",44,38,0.22046168549311085,0.27491214871406555,0.980599422383691,0.6098073863164182
"GNN, no graph",44,39,0.21949168906744224,0.27732470631599426,0.9807258100109516,0.6076563667844781
"GNN, no graph",44,40,0.21968432961700793,0.27363187074661255,0.9806616365220117,0.6088027066752028
"GNN, no graph",44,41,0.21888705173967116,0.27512672543525696,0.9806360952100378,0.609054840730054
"GNN, no graph",44,42,0.21835211081406622,0.2791058123111725,0.9805358974531976,0.6145967268162945
"GNN, no graph",44,43,0.2190405980395037,0.27919721603393555,0.9808997237817733,0.6129632622836158
"GNN, no graph",44,44,0.21836297457817994,0.27848514914512634,0.9807228165836331,0.6143686400601885
"GNN, no graph",44,45,0.21763672429664013,0.2758273184299469,0.9807887699502662,0.6109900546452485
"GNN, no graph",44,46,0.21717022508495157,0.2758195400238037,0.9809690881094536,0.6122946868565438
"GNN, no graph",44,47,0.21744677673648855,0.2783285677433014,0.9806015429821726,0.6060519857619334
"GNN, no graph",44,48,0.21443055208731163,0.27557873725891113,0.9806667636919197,0.6090009438082878
"GNN, no graph",44,49,0.2137095806770665,0.27971428632736206,0.9806964668415221,0.6136142802918502
"GNN, no graph",44,50,0.2141248977888109,0.2790052592754364,0.9807784220046573,0.6106790322740847
"GNN, no graph",44,51,0.21337174821528246,0.2825924754142761,0.9807640161118718,0.61259391129374
"GNN, no graph",44,52,0.2134502427362731,0.2794453799724579,0.9806223301790197,0.6112941228497231
"GNN, no graph",44,53,0.21199963950664433,0.2803831696510315,0.9806683489497099,0.6115047015188768
"GNN, no graph",44,54,0.21183140417364396,0.28043562173843384,0.9807424394533057,0.6123089439652565
"GNN, no graph",44,55,0.211640370237081,0.2798100411891937,0.9807498202750461,0.611985605937966
"GNN, no graph",44,56,0.21095639682912737,0.28210771083831787,0.9807137064621777,0.6134994860769007
"GNN, no graph",44,57,0.2108956821587003,0.28130531311035156,0.9807235122590949,0.6105702670104879
"GNN, no graph",44,58,0.21027972203452902,0.28229108452796936,0.9808097118131005,0.6100583045999751
"GNN, no graph",44,59,0.21080280462606618,0.2815900444984436,0.980748314603332,0.6109089972779733
"GNN, no graph",44,60,0.21058455007491406,0.28166821599006653,0.9808305335531553,0.6141128516070741
"GNN, no graph",44,61,0.20996448926231676,0.2814461886882782,0.980784676564159,0.6127676818063355
"GNN, no graph",44,62,0.20996055688572912,0.2829613983631134,0.9807830515734585,0.615246453842532
"GNN, no graph",44,63,0.2103488982001038,0.28146374225616455,0.9807180995904318,0.6119084095268061
"GNN, no graph",44,64,0.21029617069146175,0.2818707227706909,0.9807730280317356,0.6108272182223597
"GNN, no graph",44,65,0.20990928297932762,0.2832709550857544,0.9807576507371785,0.6129923762080038
"GNN, no graph",44,66,0.2096804553845099,0.2824930250644684,0.9808118843955058,0.6101359106336184
"GNN, no graph",44,67,0.21004547785873068,0.2824702560901642,0.9808534243377562,0.6127621787771381
"GNN, no graph",44,68,0.20963222639227552,0.282713383436203,0.9808081260385111,0.6145510983060312
"GNN, no graph",44,69,0.20953514106368185,0.28243231773376465,0.9808419482205311,0.6167890830905082
"GNN, no graph",44,70,0.20919845618261407,0.2822709083557129,0.9808253417837702,0.6146103098462949
"GNN, no graph",44,71,0.20929205286583036,0.28261590003967285,0.9808036954243631,0.6148984695796645
"GNN, no graph",44,72,0.2091182785432396,0.2830011248588562,0.9808210966269557,0.6155413885608862
"GNN, no graph",44,73,0.20926951438056346,0.2830999493598938,0.9807938323417108,0.616655187157054
"GNN, no graph",44,74,0.20947727239343106,0.2831173837184906,0.9807584769475703,0.6108621667481228
"GNN, no graph",44,75,0.20926022662730007,0.2833397686481476,0.9807737106245129,0.6121865883965204
"GNN, no graph",44,76,0.20917998778362074,0.2833719551563263,0.9808351393678513,0.6127233987658841
"GNN, no graph",44,77,0.20902771147311416,0.283126562833786,0.9808098606929383,0.6143740986933429
"GNN, no graph",44,78,0.2092276200338827,0.2829776108264923,0.9808312937746355,0.6141008118595039
"GNN, no graph",44,79,0.20872297523918643,0.2830905318260193,0.9808396239670978,0.6155705043698501
"GNN, no graph",44,80,0.20882948603072946,0.2831946015357971,0.9808430152949197,0.6153135449179351
"GNN, no graph",44,81,0.20897833490016354,0.2833104133605957,0.9808331860867151,0.6145486689437837
"GNN, no graph",44,82,0.2091363644153275,0.2833375930786133,0.98083314914027,0.614521511907579
"GNN, no graph",44,83,0.20883747319251447,0.2835733890533447,0.9808371156534146,0.6125276202195243
"GNN, no graph",44,84,0.20878479158710106,0.2836079001426697,0.9808377497490384,0.6151624729056668
"GNN, no graph",44,85,0.20844579624352458,0.28360652923583984,0.9808404297211768,0.6134238863057202
"GNN, no graph",44,86,0.20892949386488047,0.28360825777053833,0.9808380252530855,0.6129339673042755
"GNN, no graph",44,87,0.208945361080917,0.2836093604564667,0.9808358691451496,0.6127250411778873
"GNN, no graph",44,88,0.20877732466190743,0.2835128903388977,0.9808329830925288,0.6141335319081934
"GNN, no graph",44,89,0.20880231131936897,0.28351733088493347,0.9808354524720297,0.6141792853151337
