condition,seed,weighted F1,macro F1,accuracy
"LightGBM, plain",42,0.9801526306841387,0.5807339488775812,0.9810087122287833
"LightGBM, class weights",42,0.9815473798911657,0.6563887386776381,0.9776073849930309
"LightGBM, two-stage, class weights",42,0.9821553891590752,0.6547594430229757,0.978545851000976
"LightGBM, class weights + tuned class scales",42,0.9833745401644781,0.668103007995476,0.9804537931979984
"LightGBM, plain",43,0.9800747585597455,0.5788242186454884,0.981202933889558
"LightGBM, class weights",43,0.9811859480929922,0.6536694611444819,0.9770426732734674
"LightGBM, two-stage, class weights",43,0.9824387691160916,0.6551669790291245,0.9790061073735682
"LightGBM, class weights + tuned class scales",43,0.9825545224572113,0.6642945479969373,0.9792117538379179
"LightGBM, plain",44,0.9804708611351237,0.5841992643020082,0.9812339440706902
"LightGBM, class weights",44,0.9817428749350944,0.654430480535763,0.9778766839344412
"LightGBM, two-stage, class weights",44,0.9814852606612332,0.6539362889331533,0.9774245881358311
"LightGBM, class weights + tuned class scales",44,0.9835109283052006,0.66736279693213,0.9807002425322587
"GNN, graph",42,0.980380579477784,0.6121498128843055,0.9765677278677073
"GNN, no graph",42,0.9809450582137975,0.6220655516044401,0.9771618176536064
"GNN, graph",43,0.9803811328161398,0.6120191206677856,0.9764779615539039
"GNN, no graph",43,0.980713120228834,0.6199470631072497,0.9768761975642318
"GNN, graph",44,0.9803661677496863,0.6067816391022088,0.9765546709493359
"GNN, no graph",44,0.9809112600551245,0.6266844712863723,0.9771373359316601
