condition,seed,Analysis,Backdoor,DoS,Exploits,Fuzzers,Generic,Normal,Reconnaissance,Shellcode,Worms
"LightGBM, plain",42,0.2166737198476513,0.2405310425614994,0.22157676348547717,0.7591349739000746,0.46351655416264864,0.8914150600218261,0.9945374278202701,0.8636709824828637,0.8242074927953891,0.3320754716981132
"LightGBM, class weights",42,0.17322291235334714,0.17336907953529937,0.4221556886227545,0.8240568756805227,0.5952344817119442,0.9302083333333333,0.9926903694950611,0.8605446485117163,0.9094781682641108,0.6829268292682927
"LightGBM, two-stage, class weights",42,0.16741405082212257,0.17737003058103976,0.424024024024024,0.8237557721908672,0.6045353121270303,0.9307171383920819,0.9932046330717038,0.8627151051625239,0.9142857142857143,0.6495726495726496
"LightGBM, class weights + tuned class scales",42,0.24107744107744108,0.17381228273464658,0.42935153583617747,0.8383099987609962,0.6299399841467558,0.9259164752913158,0.9939380809052557,0.8648062855594689,0.9172113289760349,0.6666666666666666
"LightGBM, plain",43,0.23712835387962292,0.228544776119403,0.16367265469061876,0.7721443285268124,0.4626258299421718,0.8925229399473062,0.994400245319341,0.8643075356415478,0.852,0.3208955223880597
"LightGBM, class weights",43,0.18033854166666666,0.20118845500848898,0.4187683284457478,0.8135018897432555,0.593154746946776,0.9241463202710922,0.9925351468374953,0.8603070727410017,0.8962655601659751,0.6564885496183206
"LightGBM, two-stage, class weights",43,0.16743119266055045,0.17729257641921398,0.42276422764227645,0.8237860029507986,0.610110400929692,0.9308907796492447,0.9934453255138425,0.8620909206672609,0.9142857142857143,0.6495726495726496
"LightGBM, class weights + tuned class scales",43,0.24115553694787523,0.17906683480453972,0.42021083242457286,0.8380516751143529,0.6142849465255011,0.921477474431578,0.9933349225104063,0.8638700947225981,0.9100758396533044,0.6614173228346457
"LightGBM, plain",44,0.23512441399206635,0.22849083215796898,0.23741935483870968,0.7622651709690499,0.47841989758595466,0.8915969443433976,0.99460820901881,0.863486424765288,0.825,0.32558139534883723
"LightGBM, class weights",44,0.17146872803935348,0.17000445037828216,0.42901234567901236,0.8308321093300977,0.5955893536121672,0.9307239348804988,0.9927591896630715,0.8639939101750824,0.9044585987261147,0.6554621848739496
"LightGBM, two-stage, class weights",44,0.17379679144385027,0.17721518987341772,0.42073897497020263,0.8229046705054383,0.595787564244684,0.9307532106907324,0.9926208861828119,0.8616872375620308,0.9142857142857143,0.6495726495726496
"LightGBM, class weights + tuned class scales",44,0.24855491329479767,0.17447916666666666,0.42878013148283417,0.8456947996589941,0.6263256394260761,0.9313767803193785,0.9939636304868467,0.8650836481381543,0.9039070749736009,0.6554621848739496
"GNN, graph",42,0.20665980089255062,0.28729719034428175,0.3112263801407929,0.7979389032020611,0.5867134620205565,0.8951627088830255,0.9925091987384095,0.8633653098262899,0.8614762386248737,0.3191489361702128
"GNN, no graph",42,0.23742948246259504,0.2723342939481268,0.35807860262008734,0.8050879161990273,0.5914054600606673,0.9049122807017543,0.9926797189714914,0.8670192183670837,0.85,0.3417085427135678
"GNN, graph",43,0.22528229137978517,0.28419372006386373,0.32140248356464574,0.7984600342214617,0.5863035642771326,0.894792586054722,0.9924735333039258,0.8635346756152126,0.851664984863774,0.3020833333333333
"GNN, no graph",43,0.2133738601823708,0.26389516493447807,0.33695652173913043,0.8024622271964186,0.5896297790779784,0.901984893729141,0.9926128063066788,0.865359814289399,0.8663316582914573,0.3668639053254438
"GNN, graph",44,0.20843851424450055,0.28126187761307486,0.3144008794430194,0.7984800196126501,0.5857765749511352,0.8959563034093913,0.9924937821499675,0.8633893919793014,0.8533333333333334,0.2742857142857143
"GNN, no graph",44,0.23473234481025385,0.2733333333333333,0.3482622715872447,0.8043356381984675,0.5922768559395138,0.9021558872305141,0.9926941284289879,0.8666408967916506,0.8591549295774648,0.39325842696629215
