loss,decoding,seed,Analysis,Backdoor,DoS,Exploits,Fuzzers,Generic,Normal,Reconnaissance,Shellcode,Worms
plain,largest probability,42,0.2836879432624113,0.2245614035087719,0.147239263803681,0.7902592301649647,0.7264386989157632,0.8501362397820164,0.998465148186606,0.8705882352941177,0.8309859154929577,0.0
plain,tuned class scales,42,0.3006993006993007,0.2222222222222222,0.2568807339449541,0.7549668874172185,0.7320644216691069,0.8499534016775396,0.9983008917646682,0.8884615384615384,0.7913669064748201,0.0444444444444444
plain,largest probability,43,0.187725631768953,0.1375661375661375,0.1286173633440514,0.8012794882047181,0.7131599684791174,0.8601959038290294,0.9985025025025024,0.8858536585365854,0.8142857142857143,0.0
plain,tuned class scales,43,0.2108626198083067,0.2271062271062271,0.2297297297297297,0.785744954916273,0.7348659003831418,0.8653500897666068,0.9984110409951424,0.8959537572254336,0.8,0.0
plain,largest probability,44,0.1970443349753694,0.2847682119205298,0.1501501501501501,0.7636649626425481,0.6737513283740701,0.8382213812677389,0.9979001586902976,0.8504098360655737,0.6179775280898876,0.0
plain,tuned class scales,44,0.1764705882352941,0.2934131736526946,0.0158730158730158,0.7570057581573897,0.675531914893617,0.8435114503816794,0.9977948664490937,0.848893166506256,0.5535714285714286,0.0
sqrt weights,largest probability,42,0.2796934865900383,0.1405405405405405,0.1995359628770301,0.7709030100334449,0.6768178993163455,0.8581560283687943,0.9971335968675646,0.8854667949951877,0.7272727272727273,0.0
sqrt weights,tuned class scales,42,0.3055555555555556,0.1390374331550802,0.2264150943396226,0.7729468599033816,0.7197334320621992,0.8501413760603205,0.9980787165078068,0.8788177339901477,0.7692307692307693,0.0
sqrt weights,largest probability,43,0.1798561151079136,0.2628062360801781,0.2222222222222222,0.7494628276751182,0.6866330390920555,0.8563876651982378,0.9971952962334542,0.8831400535236396,0.7814569536423841,0.0
sqrt weights,tuned class scales,43,0.1693548387096774,0.2643171806167401,0.2778793418647166,0.7424177701836822,0.7155571377714489,0.8528864059590316,0.9977756865429036,0.8856589147286822,0.7761194029850746,0.0
sqrt weights,largest probability,44,0.2427440633245382,0.2469135802469135,0.1745635910224439,0.7671875,0.6775818639798489,0.8546409807355516,0.9970583590515014,0.8748728382502543,0.7808219178082192,0.0
sqrt weights,tuned class scales,44,0.2015503875968992,0.1982758620689655,0.2740076824583867,0.7401837928153717,0.6958961767800772,0.8549905838041432,0.9976198881079984,0.8803827751196173,0.7580645161290323,0.0701754385964912
balanced weights,largest probability,42,0.2898032200357782,0.1032258064516129,0.2622950819672131,0.6788389513108615,0.6735266604303087,0.8412698412698413,0.9969616742647118,0.8828337874659401,0.6900584795321637,0.0
balanced weights,tuned class scales,42,0.2887323943661972,0.1156069364161849,0.2316602316602316,0.7390750954603309,0.6751394916305021,0.8482563619227145,0.996991209191267,0.8847235238987816,0.7412587412587412,0.0392156862745098
balanced weights,largest probability,43,0.2425629290617849,0.2706270627062706,0.2263450834879406,0.7303571428571428,0.67601246105919,0.8598949211908932,0.9969697294171816,0.8876811594202898,0.6744186046511628,0.0
balanced weights,tuned class scales,43,0.2459396751740139,0.2702702702702703,0.2266401590457256,0.76253081347576,0.6757257566399012,0.8484848484848485,0.996983170535186,0.8906098741529526,0.7284768211920529,0.0
balanced weights,largest probability,44,0.2087912087912088,0.2592592592592592,0.2303473491773309,0.7118181818181818,0.6762320648783531,0.8586206896551725,0.9969267671089124,0.8735632183908046,0.6590909090909091,0.0
balanced weights,tuned class scales,44,0.139917695473251,0.2912621359223301,0.2408376963350785,0.7347114556416882,0.6736647113306576,0.8600746268656716,0.9969697294171816,0.8874045801526718,0.7,0.0
logit-adjusted,largest probability,42,0.2424242424242424,0.1853658536585365,0.2378716744913928,0.6562657272269753,0.6773283160865475,0.8670212765957447,0.9970771190886608,0.8718861209964412,0.7530864197530864,0.0437956204379562
logit-adjusted,tuned class scales,42,0.2428571428571428,0.1666666666666666,0.2352941176470588,0.7170993733213966,0.6800501882057717,0.8571428571428571,0.9971093315061452,0.8855116514690983,0.75,0.0421052631578947
logit-adjusted,largest probability,43,0.2664526484751204,0.0939597315436241,0.2008928571428571,0.7230977037370554,0.6758361988121288,0.8537693006357856,0.9970529584175376,0.8831646734130635,0.7643312101910829,0.0256410256410256
logit-adjusted,tuned class scales,43,0.1376518218623481,0.2951456310679611,0.2251908396946564,0.6924177396280401,0.6751711263223398,0.8522039757994814,0.9970556429940364,0.8776595744680851,0.7941176470588235,0.0327868852459016
logit-adjusted,largest probability,44,0.2658959537572254,0.209205020920502,0.2660550458715596,0.6650124069478908,0.6830497794580971,0.8584310189359784,0.997120068518816,0.8782287822878229,0.75,0.0617283950617283
logit-adjusted,tuned class scales,44,0.2638623326959847,0.2008032128514056,0.275,0.6875,0.6825148576790742,0.8571428571428571,0.9971120157808664,0.8593350383631714,0.7516778523489933,0.0727272727272727
