,,weighted F1,weighted F1,macro F1,macro F1,accuracy,accuracy
,,mean,std,mean,std,mean,std
loss,decoding,,,,,,
plain,largest probability,0.9923361264781773,0.0007025057246729015,0.5541145446368089,0.01746559661417318,0.9922418237810571,0.0008901882964782332
plain,tuned class scales,0.9922298252469365,0.0009042073407424303,0.5583150143809048,0.036751854437136765,0.9917610746484957,0.0007594362917171261
sqrt weights,largest probability,0.9910434163826988,7.672951504321574e-05,0.5590355050018716,0.004750878156689596,0.9898380781182503,8.623450660137566e-05
sqrt weights,tuned class scales,0.9919038432495147,0.0003748109489059315,0.5671023584547941,0.0011005374159299872,0.9909284728899294,0.0006739926147479078
balanced weights,largest probability,0.9905033112875437,0.00021235195650353005,0.548611074825014,0.007369923022587328,0.9890141855831,0.00025089820074457797
balanced weights,tuned class scales,0.9907915918892539,0.00011754485825960942,0.5577054564062901,0.006205551887938131,0.9893068154898762,0.0001652734345622874
logit-adjusted,largest probability,0.9905081876912916,0.0001530996646684293,0.5550349050176162,0.0076901501301524155,0.9888382592700973,0.00022243840823744576
logit-adjusted,tuned class scales,0.9906318060342708,0.00013278393425335516,0.560030430523511,0.00411188352748092,0.9890089600490503,4.565494203872417e-05
