loss,decoding,seed,best epoch,last epoch,weighted F1,macro F1,accuracy
plain,largest probability,42,34,44,0.9927511340499175,0.572236207841129,0.992699928932737
plain,tuned class scales,42,34,44,0.9925862810729614,0.5839360748775814,0.9918795200869528
plain,largest probability,43,42,52,0.9927322292112803,0.552718636851681,0.992809665147778
plain,tuned class scales,43,42,52,0.9929014769419404,0.574802431993086,0.9924543288324068
plain,largest probability,44,5,15,0.991525016173334,0.5373887892176166,0.9912158772626564
plain,tuned class scales,44,5,15,0.9912017177259076,0.5162065362720469,0.9909493750261276
sqrt weights,largest probability,42,25,35,0.9910702512026426,0.5535520046861674,0.989862463943815
sqrt weights,tuned class scales,42,25,35,0.9922946681412724,0.5659956970804884,0.9916600476568704
sqrt weights,largest probability,43,36,46,0.9911031244662822,0.5619160408775203,0.9899094937502612
sqrt weights,tuned class scales,43,36,46,0.9918694437702156,0.5681966679361956,0.9907926090046404
sqrt weights,largest probability,44,27,37,0.9909568734791716,0.5616384694419272,0.9897422766606748
sqrt weights,tuned class scales,44,27,37,0.9915474178370564,0.5671147103476983,0.9903327620082772
balanced weights,largest probability,42,36,46,0.9902941840754016,0.5418813502728431,0.9887598762593536
balanced weights,tuned class scales,42,36,46,0.9907265302097956,0.5560659672079462,0.9892563019940638
balanced weights,largest probability,43,60,60,0.9907187473892444,0.5564869093851856,0.9892615275281134
balanced weights,tuned class scales,43,60,60,0.9909272829301404,0.5645661388970711,0.9894914510262948
balanced weights,largest probability,44,54,60,0.9904970023979848,0.5474649648170133,0.9890211529618328
balanced weights,tuned class scales,44,54,60,0.9907209625278258,0.552484263113853,0.9891726934492704
logit-adjusted,largest probability,42,41,51,0.990346129661495,0.5532122370759583,0.9886396889762132
logit-adjusted,tuned class scales,42,41,51,0.9907736141493988,0.5573836591974033,0.9890211529618328
logit-adjusted,largest probability,43,28,38,0.9906503918936064,0.5484198308009282,0.989078633836378
logit-adjusted,tuned class scales,43,28,38,0.990510410224324,0.5579400884141673,0.9889584465532376
logit-adjusted,largest probability,44,35,45,0.9905280415187732,0.5634726471759621,0.9887964549977007
logit-adjusted,tuned class scales,44,35,45,0.9906113937290896,0.5647675439589626,0.9890472806320806
