loss,seed,epoch,train loss,val loss,val weighted F1,val macro F1
plain,42,1,0.0635252551380332,0.0254500359296798,0.9882379139133084,0.4135074456816998
plain,42,2,0.0237795533051349,0.0235229451209306,0.9876814642906544,0.4158051129425183
plain,42,3,0.0217854056072559,0.0213421434164047,0.9910206042922484,0.5035434188801928
plain,42,4,0.0205886469331507,0.0205719769001007,0.9912570954687104,0.5003227264023572
plain,42,5,0.0197513466639036,0.0203165505081415,0.9911545903234537,0.5085359294013825
plain,42,6,0.0191150279142955,0.0203293226659297,0.9908954125521816,0.4774714999383211
plain,42,7,0.0187671555587562,0.0191818550229072,0.9913985154362908,0.4989259589142781
plain,42,8,0.0182181424672553,0.0189422704279422,0.9915471000602276,0.4981421712020339
plain,42,9,0.0180679264596952,0.0184762123972177,0.9917999633296009,0.5183106972111566
plain,42,10,0.0175487694905273,0.0185019820928573,0.991555917534621,0.5002571865723069
plain,42,11,0.0173809386463575,0.0188570376485586,0.9922065366264924,0.5181318562218027
plain,42,12,0.0172176546529378,0.0188548918813467,0.9920054239938256,0.5365669182030637
plain,42,13,0.016979330781953,0.0184274408966302,0.9917499094434978,0.5192826082835919
plain,42,14,0.0167707895488446,0.0182056799530982,0.9916038335681944,0.5094160325392934
plain,42,15,0.0164084560646232,0.0181346479803323,0.991601313692022,0.5064835750998344
plain,42,16,0.0161607384306071,0.0180225558578968,0.9922199526763488,0.5441808972213537
plain,42,17,0.0160594462309332,0.0183228738605976,0.9921300077357216,0.5459877873462002
plain,42,18,0.0159751963014783,0.0180191174149513,0.9922406893531052,0.5491009479602685
plain,42,19,0.0157905114910094,0.0179477725178003,0.9917832449395422,0.5042649004858738
plain,42,20,0.0157887738897968,0.0178926065564155,0.992007982377202,0.5430526871749592
plain,42,21,0.0155765660884909,0.0188112538307905,0.9921183130176964,0.5440639879825845
plain,42,22,0.0153653350180869,0.0179715175181627,0.9923768204555552,0.5250219500244034
plain,42,23,0.015140389910976,0.0186937488615512,0.991645029248046,0.5488036578834568
plain,42,24,0.0144927958900633,0.0180661343038082,0.9919591863760244,0.5171205904580877
plain,42,25,0.0143617608565936,0.0180948600172996,0.992318563623794,0.5241601180214261
plain,42,26,0.0140752985428522,0.0182022973895072,0.9925731331640776,0.5750598810370174
plain,42,27,0.0142249389221691,0.018075106665492,0.9921399155768637,0.5278932562148341
plain,42,28,0.0140950046246218,0.0179069228470325,0.9922068476515832,0.5277865114714527
plain,42,29,0.0138585209269035,0.0180237684398889,0.9927354911095748,0.5792954559494876
plain,42,30,0.0139527203455925,0.0177510548382997,0.9924496848723908,0.5455964879547093
plain,42,31,0.0138493659883561,0.0181805323809385,0.9921817739404872,0.5460638373548699
plain,42,32,0.0136972102973279,0.0180888809263706,0.9925365895542644,0.556752874364137
plain,42,33,0.0137875793387182,0.0179415177553892,0.9926439504978972,0.5511417031637896
plain,42,34,0.0134980873220696,0.0185390729457139,0.9927412764884896,0.5811762618872824
plain,42,35,0.0135440809372501,0.0183060374110937,0.9923623620952752,0.5482397466293921
plain,42,36,0.0133483137521751,0.0185894966125488,0.9923047916807256,0.5540579552941554
plain,42,37,0.0134366757493455,0.0182223264127969,0.9927618787010092,0.5573621016712942
plain,42,38,0.013294699186478,0.0185882803052663,0.9922883673820628,0.5308527629952525
plain,42,39,0.0132672006904599,0.0186661686748266,0.9921002320366136,0.5208775212101036
plain,42,40,0.0129025830643802,0.0185404159128665,0.9923383745312868,0.5345262054484976
plain,42,41,0.012754424621604,0.0184423513710498,0.9925367671589124,0.5645179794145656
plain,42,42,0.0126110350138738,0.0186262726783752,0.9926107383130984,0.5667801474245809
plain,42,43,0.0126479555950575,0.01851611956954,0.9928160372758492,0.562429679104145
plain,42,44,0.0125811237781984,0.0186328254640102,0.9927571774697288,0.5656021324884839
plain,43,1,0.0618293624782486,0.025649107992649,0.9899917924586802,0.4351181470660198
plain,43,2,0.0232619226693669,0.0220470018684864,0.9900056552030811,0.4861523331201979
plain,43,3,0.0215603548662386,0.0207638647407293,0.9908243901474812,0.512451408151082
plain,43,4,0.0203970025322743,0.0200748685747385,0.991235549292006,0.5005695075150619
plain,43,5,0.019505365100174,0.0198272801935672,0.9915663811198986,0.5418922218828125
plain,43,6,0.0190420348850311,0.0191737934947013,0.9907896957028204,0.5323608789061229
plain,43,7,0.0185606397409819,0.0196772161871194,0.9911895940053572,0.5285442021855157
plain,43,8,0.0182495341085453,0.0185266379266977,0.991157841262014,0.4946640654955671
plain,43,9,0.0179156130832706,0.0183478221297264,0.9920806359647462,0.5221595865541546
plain,43,10,0.0176120350148536,0.0179991312325,0.9917346997876628,0.4986874001321343
plain,43,11,0.0167298969796908,0.0179142113775014,0.992132249856224,0.5468952136479264
plain,43,12,0.0166136797807027,0.0176727846264839,0.9918540359591732,0.5291131508366261
plain,43,13,0.0163292520678526,0.0175531972199678,0.9919246577211612,0.5470609911640569
plain,43,14,0.0161959344234507,0.0176814515143632,0.9918515177865236,0.5240943927770052
plain,43,15,0.0160929000297857,0.0176887046545743,0.9921549133650756,0.5364977162296015
plain,43,16,0.0158695225910815,0.0175971072167158,0.9916436749379977,0.5000394914270572
plain,43,17,0.0157995592647243,0.018392750993371,0.9911059981358696,0.5365024044304032
plain,43,18,0.0157100169234703,0.0174183454364538,0.9923396883442558,0.5582718710540566
plain,43,19,0.015503165832863,0.0172528214752674,0.9919778561563654,0.53476329778349
plain,43,20,0.0155233373161908,0.0172760356217622,0.9922101389427248,0.5441634662345841
plain,43,21,0.0154311464726481,0.0172642096877098,0.992429978995994,0.5477110873195182
plain,43,22,0.0151339600210263,0.0173171274363994,0.9923355113832592,0.5633363886084201
plain,43,23,0.0150745600853007,0.0174404252320528,0.9920445025151317,0.5461834255360772
plain,43,24,0.0149743655596968,0.0180358029901981,0.9917495368742436,0.5648932628402046
plain,43,25,0.014944503313659,0.0170975849032402,0.9926390376098124,0.5563396489060036
plain,43,26,0.0148724349638064,0.017070934176445,0.9928091565379056,0.5460219609279228
plain,43,27,0.0147025006270673,0.0175418425351381,0.9923407357538404,0.5329289021248331
plain,43,28,0.0146319142137555,0.0179019402712583,0.9925536472131564,0.5668830785581319
plain,43,29,0.0144156295560363,0.0172756612300872,0.9922896019564764,0.521130077398956
plain,43,30,0.0145846239041018,0.0172465294599533,0.9929374895037648,0.5549055577705321
plain,43,31,0.0143548839361998,0.0173099189996719,0.9927213184542316,0.5565668028983397
plain,43,32,0.0142094015523836,0.0174326784908771,0.992257859745691,0.5345904631138907
plain,43,33,0.014071154325687,0.0176165010780096,0.9925908156655464,0.5552812136574861
plain,43,34,0.0137738224360783,0.0176005698740482,0.9925911390399929,0.5518777535032484
plain,43,35,0.0136720189070607,0.017151266336441,0.9927342737524982,0.5691360948754774
plain,43,36,0.0136113559572379,0.0171384643763303,0.992451055049758,0.5238853878147242
plain,43,37,0.0134958628863322,0.0170859284698963,0.9928639160138432,0.562475517818522
plain,43,38,0.0134439476486933,0.0170640125870704,0.9924017279398932,0.5250781261732312
plain,43,39,0.0134351647252073,0.0172602087259292,0.992764067918142,0.5553732219196035
plain,43,40,0.0133072053224302,0.0173614341765642,0.9929685712731294,0.5566019394691778
plain,43,41,0.0129983578061068,0.0171104203909635,0.9929193317397526,0.571910781193777
plain,43,42,0.0129488614318299,0.0173682123422622,0.9929643250658752,0.5761905514018857
plain,43,43,0.012835801768085,0.0172816514968872,0.9929976476064928,0.5690101161396305
plain,43,44,0.0128351978177075,0.0173252001404762,0.9929353837121772,0.5685885077678183
plain,43,45,0.0128358002371588,0.0173288788646459,0.9924223421622396,0.5276307927186873
plain,43,46,0.0129229045784735,0.0174106452614069,0.9929273146143418,0.5675573779785154
plain,43,47,0.0127937870300424,0.0174238756299018,0.99268133846257,0.5594442621474693
plain,43,48,0.0127136147224639,0.01720667257905,0.9929376828011842,0.5617729053635125
plain,43,49,0.012693674408989,0.0171203147619962,0.9931119804610302,0.5689258115289657
plain,43,50,0.0126867255350648,0.0172049291431903,0.9928799829963242,0.5653863711411456
plain,43,51,0.0127164798508069,0.0172575581818819,0.9929624204830418,0.5628355595797889
plain,43,52,0.0125784239898826,0.017334034666419,0.9928413043646948,0.5623620228965216
plain,44,1,0.0592977555887378,0.0247973762452602,0.9900523000479824,0.4408024190604014
plain,44,2,0.0237179457738599,0.0229460000991821,0.9890054108487848,0.4247594459443503
plain,44,3,0.0216025441298656,0.0209291502833366,0.9902548968129476,0.4918400747015782
plain,44,4,0.020528680554739,0.0199471041560173,0.9913044488420356,0.5092035952373791
plain,44,5,0.0196292568320948,0.0198304615914821,0.9915586213322224,0.5410259068750004
plain,44,6,0.0190267807365885,0.0193947702646255,0.9907985872141511,0.5268908879060792
plain,44,7,0.0184796966120726,0.0196240972727537,0.9912906102758878,0.5073572768086667
plain,44,8,0.0182047560487505,0.0186348538845777,0.9915780303475732,0.4994491308065056
plain,44,9,0.0179926707215389,0.0187349487096071,0.991871803795156,0.5208010230816484
plain,44,10,0.0175000753215679,0.0184647683054208,0.9920017793533497,0.5332807366117172
plain,44,11,0.0167921612782964,0.018079811707139,0.9919036393760672,0.5333878743793654
plain,44,12,0.0165175942609619,0.0180122479796409,0.9914833024352104,0.5006013188817529
plain,44,13,0.0164020690406065,0.017841363325715,0.9922176248687103,0.5370211435356809
plain,44,14,0.0162489748918308,0.0179588086903095,0.9916425255601516,0.5124782800202567
plain,44,15,0.0161566845380865,0.0177611708641052,0.9918456857109684,0.5058066049231766
sqrt weights,42,1,0.3335961382448384,0.0342038087546825,0.9893576735631728,0.4714525916695883
sqrt weights,42,2,0.2302658226731881,0.029929295182228,0.989759789678162,0.4907982378250823
sqrt weights,42,3,0.2149532785825142,0.0297411642968654,0.9905348623686018,0.5134156628178358
sqrt weights,42,4,0.2084249439558544,0.0302480272948741,0.9904375312303986,0.5377775949025025
sqrt weights,42,5,0.1978406714911662,0.0274073928594589,0.9906588749528624,0.5336704349212099
sqrt weights,42,6,0.1920382775635297,0.0299187488853931,0.9905915009066903,0.5455649068734656
sqrt weights,42,7,0.1915009102274686,0.0290507990866899,0.9907190120096544,0.5393928354151126
sqrt weights,42,8,0.1890294442419539,0.0266847591847181,0.9906755893326272,0.5326143258329027
sqrt weights,42,9,0.1860196433750333,0.0287558995187282,0.9903847996938736,0.5150066637269466
sqrt weights,42,10,0.1803246469806706,0.0263276100158691,0.9906873908834924,0.5473721456159004
sqrt weights,42,11,0.1786580684953518,0.0297431126236915,0.990785857549408,0.5434687499083084
sqrt weights,42,12,0.1773599165804449,0.029699170961976,0.9907672730427648,0.5341805001071275
sqrt weights,42,13,0.1740512299338444,0.0301399733871221,0.9907688221102756,0.5570881555102779
sqrt weights,42,14,0.1731263423160733,0.0276538506150245,0.9905168689979044,0.5301521920206709
sqrt weights,42,15,0.1731463790778974,0.0274880174547433,0.990636517960492,0.5274191380460511
sqrt weights,42,16,0.170998195711643,0.0288085006177425,0.9907275806708492,0.5593197753622312
sqrt weights,42,17,0.1694415499733496,0.0252007190138101,0.9908794697551648,0.5538802338179492
sqrt weights,42,18,0.1669036417916882,0.0285444967448711,0.9906509215425172,0.5438161176500296
sqrt weights,42,19,0.1679953146310492,0.0293182227760553,0.9908062212971293,0.5703969630013042
sqrt weights,42,20,0.1619774765241656,0.0278479494154453,0.9908026794156845,0.529689004944829
sqrt weights,42,21,0.1666805062393202,0.0297276005148887,0.990654353615488,0.5444944836083268
sqrt weights,42,22,0.1625831476626064,0.0259996931999921,0.9908907488443052,0.5565980950551188
sqrt weights,42,23,0.16006996700058,0.0259542316198349,0.9908964234824086,0.556249054337573
sqrt weights,42,24,0.1587875162645597,0.0251124445348978,0.9910785887399508,0.5593993537349777
sqrt weights,42,25,0.1505892473623979,0.0252025723457336,0.9911823753059558,0.5732671293320161
sqrt weights,42,26,0.1459217596294031,0.0255633741617202,0.9911246634013764,0.5681374098180385
sqrt weights,42,27,0.1456993834164197,0.0258126482367515,0.990943011299704,0.548268816783165
sqrt weights,42,28,0.1431416834211227,0.026655288413167,0.9910982548957954,0.5533444274571468
sqrt weights,42,29,0.1423740892826349,0.026529811322689,0.990982176969918,0.5488537891523924
sqrt weights,42,30,0.1424588780981047,0.0268737375736236,0.9910205506494064,0.5674812093697643
sqrt weights,42,31,0.1388602095384784,0.0258594434708356,0.9910925073649056,0.5667161836232553
sqrt weights,42,32,0.1341424094475536,0.0250400081276893,0.9911480916384312,0.5661634320552288
sqrt weights,42,33,0.136344910074621,0.0260519385337829,0.9910635746667056,0.5624063704885225
sqrt weights,42,34,0.1356029130218376,0.0257210005074739,0.9911913409510772,0.5670638427940631
sqrt weights,42,35,0.1340697823096458,0.0269186180084943,0.9911554353336566,0.5595852205358751
sqrt weights,43,1,0.3325502829641474,0.0370699279010295,0.9895660999685753,0.4884145659035009
sqrt weights,43,2,0.2369395830393955,0.0314072258770465,0.9899755974120238,0.5188012419820753
sqrt weights,43,3,0.2205441719967392,0.0313609912991523,0.9899178658694772,0.4986605594018239
sqrt weights,43,4,0.2088116681559516,0.0291298720985651,0.9902925354465824,0.517146051138079
sqrt weights,43,5,0.2013784091888883,0.0300786923617124,0.9902874872774596,0.5415832076186609
sqrt weights,43,6,0.1969843081291445,0.0252830125391483,0.990750070431924,0.5335006312259514
sqrt weights,43,7,0.1893005896392795,0.0286584384739398,0.9906471884326888,0.5502185039289953
sqrt weights,43,8,0.1866331038658703,0.0269017051905393,0.9908451611380787,0.5550802688122694
sqrt weights,43,9,0.1860185411081848,0.0279190894216299,0.9907857082431106,0.5440743456905281
sqrt weights,43,10,0.1823056777030522,0.0261908266693353,0.9908059835818456,0.5370487061385453
sqrt weights,43,11,0.1777510008582984,0.0277701634913682,0.9904573414768024,0.524595999622303
sqrt weights,43,12,0.1765858190675508,0.0255975518375635,0.9909253495364484,0.5575550841415052
sqrt weights,43,13,0.1748061724983931,0.0261019710451364,0.9907852556840856,0.5571136725724386
sqrt weights,43,14,0.1710149501677405,0.0280823614448308,0.9906984713160992,0.5411351233439738
sqrt weights,43,15,0.1727949151695433,0.0279113017022609,0.990963504344524,0.5618755725097397
sqrt weights,43,16,0.1654999539497405,0.0259691514074802,0.9909998793440762,0.5446314677679154
sqrt weights,43,17,0.1693526582757215,0.02333540096879,0.990908908256262,0.5641662128769983
sqrt weights,43,18,0.1696559898650237,0.0262396726757287,0.9908544418652953,0.538072273952672
sqrt weights,43,19,0.1621744638574049,0.0255264472216367,0.9911754577016504,0.5635402951881777
sqrt weights,43,20,0.1672289452335042,0.0270368531346321,0.9909784963219485,0.5553428450520271
sqrt weights,43,21,0.1585348644554703,0.0264387056231498,0.9909475101319268,0.5730130973310152
sqrt weights,43,22,0.1602945110050322,0.0252242498099803,0.990821832601168,0.5461161717350875
sqrt weights,43,23,0.1589119989339854,0.0251506194472312,0.9911805159655652,0.5726639594092816
sqrt weights,43,24,0.16283056982787,0.0237096697092056,0.9911261802077498,0.548640010518745
sqrt weights,43,25,0.1584916923372368,0.0263883452862501,0.9909339296317822,0.5657869547473148
sqrt weights,43,26,0.1565794675610214,0.0263568647205829,0.9909305759029664,0.558504553679797
sqrt weights,43,27,0.1459208043314678,0.0280060172080993,0.991096520552879,0.5759577405636791
sqrt weights,43,28,0.1445951937246233,0.0259854663163423,0.9912231331877784,0.5567236030711571
sqrt weights,43,29,0.1421474754659894,0.027926592156291,0.9910367361869592,0.5557916186512193
sqrt weights,43,30,0.144544501697001,0.026691447943449,0.9910818087345836,0.5625321224577715
sqrt weights,43,31,0.1411236900170875,0.0255287867039442,0.9911634957651688,0.5516567859492267
sqrt weights,43,32,0.1402121888178212,0.0263202916830778,0.9909187139424837,0.5555076012359181
sqrt weights,43,33,0.1374675811072442,0.0255766157060861,0.9912589966376648,0.5657264122045483
sqrt weights,43,34,0.1371031594397153,0.0257757231593132,0.9912220104924534,0.5670259569116415
sqrt weights,43,35,0.1338440992961168,0.025533739477396,0.9910416446304852,0.5529051795750675
sqrt weights,43,36,0.1341862306784869,0.0262261554598808,0.991212595842833,0.5848092175685092
sqrt weights,43,37,0.1336534561209613,0.0265605095773935,0.9910917709023236,0.5561033476661836
sqrt weights,43,38,0.1344335671118845,0.0259716715663671,0.99117115834576,0.575365287105998
sqrt weights,43,39,0.1321908214974368,0.0265274085104465,0.9910977325868112,0.5526169350685178
sqrt weights,43,40,0.1324698787212528,0.026273526251316,0.9911408809241868,0.5624811468337335
sqrt weights,43,41,0.1315772997695527,0.0263224113732576,0.9911404275189016,0.5765207876912637
sqrt weights,43,42,0.1297033236529809,0.0254769157618284,0.9912144230693908,0.562929955178769
sqrt weights,43,43,0.1268116368025835,0.0261252019554376,0.9912142096913168,0.5657804569834097
sqrt weights,43,44,0.1280150550055652,0.0260386951267719,0.9912885019778804,0.5681601698054792
sqrt weights,43,45,0.1283260044835316,0.0259252823889255,0.9912775685787076,0.5708829383614652
sqrt weights,43,46,0.1285207505408456,0.0254973303526639,0.991194435279105,0.5618454139501239
sqrt weights,44,1,0.3299359264528367,0.0353816375136375,0.989635982367897,0.4809643942994303
sqrt weights,44,2,0.2363627055605198,0.0309166871011257,0.9897969501997244,0.4971697787288126
sqrt weights,44,3,0.2173647200144225,0.0296850595623254,0.9902828834142616,0.5011021395331379
sqrt weights,44,4,0.2105865872250701,0.0287117324769496,0.9907033772556788,0.5399125904416999
sqrt weights,44,5,0.1999499693324868,0.0310743693262338,0.9904732596339778,0.5342161817126893
sqrt weights,44,6,0.1959877119291727,0.0266163423657417,0.9906659704116566,0.5503482609946508
sqrt weights,44,7,0.1943584023107432,0.0287225134670734,0.9906488376071952,0.5358973986393669
sqrt weights,44,8,0.1860521847418834,0.0278312843292951,0.9907970891264684,0.5537065459591233
sqrt weights,44,9,0.1865144509633322,0.0263601522892713,0.9906775081084584,0.5294132011991041
sqrt weights,44,10,0.1827464864631833,0.0255603324621915,0.990832172794085,0.5435596861409053
sqrt weights,44,11,0.1808785605668689,0.0286757573485374,0.9908064641934358,0.5471571718497151
sqrt weights,44,12,0.1745442983900045,0.0278003830462694,0.9906278045919624,0.551660569849117
sqrt weights,44,13,0.1762242143041903,0.0284636877477169,0.9909614189249236,0.5604448845283797
sqrt weights,44,14,0.1738536424775431,0.0250729210674762,0.9907840255643914,0.5555349996448494
sqrt weights,44,15,0.1730217126973302,0.0271138604730367,0.9909375284506462,0.5529471340305191
sqrt weights,44,16,0.16877761790826,0.0269344635307788,0.9908305547168658,0.558252374964727
sqrt weights,44,17,0.1702662415345906,0.0285931024700403,0.990984818871558,0.5609708939827229
sqrt weights,44,18,0.1674163061029331,0.0269467569887638,0.9908073921726328,0.5518658294385491
sqrt weights,44,19,0.1657303522158993,0.0270583964884281,0.9907215134729896,0.5497640267112527
sqrt weights,44,20,0.1640452189052971,0.0261194035410881,0.9909348435414792,0.5542054485664595
sqrt weights,44,21,0.1631853772789979,0.0255785752087831,0.9909430995300692,0.5459334295250156
sqrt weights,44,22,0.1598636961309943,0.0262210443615913,0.9909732613972052,0.559068473006103
sqrt weights,44,23,0.1515004913660662,0.0261105615645647,0.9908782948111484,0.5533299975318856
sqrt weights,44,24,0.1515642391321387,0.0278082266449928,0.9909056424338524,0.5599998867754419
sqrt weights,44,25,0.1472947554633244,0.0255329385399818,0.9909939656179382,0.561248619080813
sqrt weights,44,26,0.1501641642759723,0.0257862973958253,0.99098643773635,0.5511100700254978
sqrt weights,44,27,0.1476458029597579,0.0265104919672012,0.9911056411676772,0.5718518152183603
sqrt weights,44,28,0.1449408156186803,0.0256662759929895,0.9910549084550097,0.5702257570953306
sqrt weights,44,29,0.1443357201084826,0.0260357465595006,0.990937093927868,0.5589694387287432
sqrt weights,44,30,0.1466646629904842,0.0275051593780517,0.9911434327404688,0.5621624709653628
sqrt weights,44,31,0.1431728408307075,0.0273664277046918,0.9910883801359432,0.563148197258194
sqrt weights,44,32,0.1439623823268902,0.0252701826393604,0.9910812673541964,0.5542695141938424
sqrt weights,44,33,0.1366091601804386,0.025840014219284,0.9910984519086752,0.553943043138923
sqrt weights,44,34,0.1360447383169511,0.027460940182209,0.9912027978060132,0.5675045170158504
sqrt weights,44,35,0.1366519893712082,0.025406364351511,0.9910785026197358,0.5619687017653974
sqrt weights,44,36,0.1363618114996315,0.025328729301691,0.9911819150965494,0.5581565755661873
sqrt weights,44,37,0.1331940068036808,0.0258231461048126,0.991169995437584,0.5657057792828009
balanced weights,42,1,1.027167203593096,0.0633840411901474,0.987966111378384,0.4677986287098392
balanced weights,42,2,0.7732516578093401,0.0622993111610412,0.9878749728358688,0.4779448829371014
balanced weights,42,3,0.7212486674818542,0.0623610168695449,0.988690977297776,0.4739119474246964
balanced weights,42,4,0.7050643037984605,0.0537899173796176,0.9894302676211923,0.4955132225842809
balanced weights,42,5,0.6960410004075938,0.0543551295995712,0.9891975675072768,0.4932125631481082
balanced weights,42,6,0.661159692501842,0.0536292307078838,0.989324540639382,0.5071933126452284
balanced weights,42,7,0.6570683718979762,0.0570927523076534,0.9895686632261832,0.5057015494940841
balanced weights,42,8,0.6421795391838718,0.0518023632466793,0.9898395962326552,0.5019890180602037
balanced weights,42,9,0.6449089968489865,0.0561021976172924,0.989594407535544,0.4980532521916396
balanced weights,42,10,0.6156542958033516,0.060746069997549,0.9888601792398592,0.4952930314668385
balanced weights,42,11,0.6115036977378545,0.0524756051599979,0.9898206059192,0.5124795753701493
balanced weights,42,12,0.6138174783269843,0.0552868768572807,0.9895873171853692,0.4952738587981904
balanced weights,42,13,0.5851544251359952,0.0480926372110843,0.9901404600928296,0.5159665675065654
balanced weights,42,14,0.598051437160012,0.0481288768351078,0.9896006125113068,0.5078301391748727
balanced weights,42,15,0.5841598375111696,0.0480967797338962,0.9895798554630668,0.4902169591148873
balanced weights,42,16,0.5776183001771465,0.0566783621907234,0.9896574479836502,0.5218097054276254
balanced weights,42,17,0.6006419112229381,0.0490097552537918,0.9902460963945,0.5323972289858567
balanced weights,42,18,0.567243078743984,0.0440529212355613,0.9900901424896444,0.5279649157604742
balanced weights,42,19,0.5908027833952563,0.0534520335495471,0.9895133476960156,0.514325723353674
balanced weights,42,20,0.5597974376459891,0.0504307933151721,0.989939234835026,0.4911391230023791
balanced weights,42,21,0.5811626024863221,0.0491231903433799,0.9902915547504612,0.5317289340040874
balanced weights,42,22,0.5421596983805985,0.0481320358812809,0.9902785033236404,0.5325876650757586
balanced weights,42,23,0.5602128697737855,0.0460340715944767,0.9898611305994144,0.5310601163981339
balanced weights,42,24,0.5660145655990845,0.0458389781415462,0.990463413867076,0.5399489200889164
balanced weights,42,25,0.5576245512549186,0.0480572842061519,0.9901386360667336,0.5425592824627911
balanced weights,42,26,0.5329135901174183,0.0488239228725433,0.9899738781070032,0.5298532779633189
balanced weights,42,27,0.5340833156970638,0.047380480915308,0.9898593492672192,0.53544702233934
balanced weights,42,28,0.5357591042342724,0.0460299812257289,0.9905004350397236,0.5646672366460957
balanced weights,42,29,0.5363375248867359,0.0513216741383075,0.9899359139710212,0.5336249598587741
balanced weights,42,30,0.5175878678142,0.0501872412860393,0.9893598241252932,0.5383961441343621
balanced weights,42,31,0.5290197467431689,0.0470658056437969,0.9904160726168566,0.5355573463904049
balanced weights,42,32,0.5141867132264184,0.0523166246712207,0.9905131263645968,0.5648257963914344
balanced weights,42,33,0.5406692376428538,0.0489301681518554,0.9904169121628014,0.5537852393714101
balanced weights,42,34,0.5222792135007603,0.0484309270977973,0.9904601959578044,0.5459864563151421
balanced weights,42,35,0.5334807921428459,0.0530633479356765,0.990468591226622,0.5454170742590152
balanced weights,42,36,0.5194763693583533,0.0486439689993858,0.9903998140409292,0.5679851781756796
balanced weights,42,37,0.513668941745442,0.0487981811165809,0.990449334625126,0.5600882230349671
balanced weights,42,38,0.5064143112448855,0.0501808039844036,0.9905915412157,0.5466767614048622
balanced weights,42,39,0.5063491550267287,0.0484279431402683,0.9897928215359194,0.5380995566214771
balanced weights,42,40,0.509102127717945,0.050143826752901,0.9905211129604476,0.5306396604744447
balanced weights,42,41,0.550638188010472,0.047697152942419,0.9903685036363572,0.5625854913869249
balanced weights,42,42,0.4929663617551615,0.047079112380743,0.9903256929558464,0.5437980413493632
balanced weights,42,43,0.470915488955776,0.0484774820506572,0.9904754941110344,0.5455567124581878
balanced weights,42,44,0.4667531823668657,0.0474766008555889,0.990348154789523,0.5576223168190129
balanced weights,42,45,0.4615091355876405,0.0456500053405761,0.990329383212891,0.5512077296367838
balanced weights,42,46,0.4515400382511091,0.0459915325045585,0.990682756363196,0.5502996114930299
balanced weights,43,1,1.0299702926836916,0.0793652012944221,0.9879833796787454,0.4603966029370589
balanced weights,43,2,0.8010013971844675,0.0640021339058876,0.9880793199609688,0.4739989023740824
balanced weights,43,3,0.7532941122293813,0.0587096512317657,0.9884195744335572,0.4741294244961639
balanced weights,43,4,0.6956719614667105,0.0617398247122764,0.9886743660604372,0.4815632149949597
balanced weights,43,5,0.6819011702644656,0.0543856918811798,0.9892538361801628,0.4930154660934908
balanced weights,43,6,0.6706930760005644,0.0559947900474071,0.9891186395052036,0.4882557693152248
balanced weights,43,7,0.6586584775588268,0.0513762682676315,0.9889270636827217,0.4899313189713288
balanced weights,43,8,0.6307971397889919,0.05896607786417,0.9894039614477516,0.5202327319363361
balanced weights,43,9,0.6434901099719388,0.0557751879096031,0.9897256023216898,0.5205755339826628
balanced weights,43,10,0.6229826557086645,0.0489358939230442,0.98968065776199,0.5227522093997934
balanced weights,43,11,0.6236988842120115,0.0516680032014846,0.989411805222604,0.4936562418025785
balanced weights,43,12,0.6077581459969588,0.0523328334093093,0.9898718238501688,0.5171259411243183
balanced weights,43,13,0.5998999631597924,0.0515300035476684,0.9896944935891018,0.5279353631464738
balanced weights,43,14,0.5921666059195159,0.0569779276847839,0.9895571459245922,0.5205105520116557
balanced weights,43,15,0.5925147262850962,0.0454217977821826,0.9902726664695416,0.5446085298584411
balanced weights,43,16,0.5687278566837543,0.0503580383956432,0.9897000182135554,0.5101524054811652
balanced weights,43,17,0.5921185470849206,0.0506318174302578,0.988932114973155,0.5061933160220043
balanced weights,43,18,0.5882853038925207,0.050986424088478,0.9900345631726746,0.5060974492489752
balanced weights,43,19,0.5723165925943344,0.050092164427042,0.990055906893515,0.5199349232937611
balanced weights,43,20,0.5690423701578642,0.0530360527336597,0.98950390578108,0.5364716719117979
balanced weights,43,21,0.5280985945852733,0.0496551766991615,0.98977761192546,0.5435681072309968
balanced weights,43,22,0.5286381664550315,0.0456066727638244,0.9901866223196336,0.5208329105367332
balanced weights,43,23,0.5124653153365,0.0476601272821426,0.9903619428721944,0.5472200916175082
balanced weights,43,24,0.5139728244681685,0.0483744256198406,0.9904506345085864,0.5415069183454319
balanced weights,43,25,0.5043296062016962,0.0477612353861331,0.9905177341060402,0.5675675503987996
balanced weights,43,26,0.5196913358886328,0.0464841611683368,0.9902544048227812,0.5473771716318765
balanced weights,43,27,0.4913989872862092,0.0498505234718322,0.9902184715221216,0.5529535637394918
balanced weights,43,28,0.4940890082929658,0.0472598001360893,0.9907929232976992,0.5561164881474793
balanced weights,43,29,0.4941102697957328,0.051330592483282,0.9904402183233558,0.5449872446554466
balanced weights,43,30,0.5013107667466178,0.0446082800626754,0.9906913801224216,0.5526885591051799
balanced weights,43,31,0.4776919805922651,0.0465721413493156,0.9906282208621872,0.5589968551899263
balanced weights,43,32,0.4687760624872626,0.0462286956608295,0.9906656791657878,0.5716892098400781
balanced weights,43,33,0.4718795070466695,0.0448787994682788,0.9905579099073302,0.5644503114440405
balanced weights,43,34,0.467104878975999,0.0453323312103748,0.9907754243439922,0.5641406870256966
balanced weights,43,35,0.4612594354042233,0.0462864972651004,0.9904693348634388,0.5417822986640191
balanced weights,43,36,0.472641540861277,0.0477381534874439,0.9903433331619692,0.5718805231056381
balanced weights,43,37,0.4700295113577576,0.0462279692292213,0.9906373536804176,0.5598769636263319
balanced weights,43,38,0.4616391540861277,0.0451304242014884,0.9906734904156812,0.5714272948011045
balanced weights,43,39,0.4611759080719246,0.0481668189167976,0.99064667353452,0.5489872532547156
balanced weights,43,40,0.456435131840913,0.0467453561723232,0.990801567571592,0.5636124673737223
balanced weights,43,41,0.4497239433914938,0.0460794158279895,0.9905973524965048,0.5678246719638795
balanced weights,43,42,0.4498166807756823,0.0448345355689525,0.9907715579761868,0.54432793604818
balanced weights,43,43,0.4386109380143912,0.0459692254662513,0.9908342602196676,0.5667154446221147
balanced weights,43,44,0.4457222738246406,0.0448650605976581,0.990862905733923,0.5723609639765883
balanced weights,43,45,0.437463110802803,0.0444619208574295,0.9907786531205336,0.5583990361435506
balanced weights,43,46,0.4373764481336907,0.0445384681224823,0.9907972498750984,0.5729467989210963
balanced weights,43,47,0.4517625491855963,0.0443306043744087,0.990782226715788,0.5561311288446129
balanced weights,43,48,0.4447340548527175,0.0441163480281829,0.9907330648805132,0.5591380562795629
balanced weights,43,49,0.4463624214206211,0.044975534081459,0.9907010094590404,0.5635142421649623
balanced weights,43,50,0.4272499470911913,0.0449438206851482,0.9906835584374528,0.5579093053965798
balanced weights,43,51,0.4437551929015974,0.0450484715402126,0.9907341321662418,0.5695349446694666
balanced weights,43,52,0.4279171859568264,0.0450359992682933,0.9906825905618878,0.5568908317093155
balanced weights,43,53,0.4285689930865823,0.0458156764507293,0.9908017997840752,0.5711950735727401
balanced weights,43,54,0.4294718231199737,0.0460599884390831,0.9908248500477016,0.578261671253171
balanced weights,43,55,0.4336322191130132,0.0455510318279266,0.9907740075062142,0.5614748699936398
balanced weights,43,56,0.4314667301572371,0.0452366471290588,0.9907832005467224,0.5644013383346426
balanced weights,43,57,0.4337066343726974,0.0443981178104877,0.9908575263729812,0.5769481216350488
balanced weights,43,58,0.4285968681904403,0.0457154139876365,0.9908632359733588,0.5796490077484868
balanced weights,43,59,0.4370705078461804,0.0452724397182464,0.9907684822008472,0.5732970018002274
balanced weights,43,60,0.4307208139334368,0.0447867587208747,0.9908615665387128,0.5808256390310523
balanced weights,44,1,0.997382973553434,0.0727019235491752,0.9876899840810376,0.4600472364386324
balanced weights,44,2,0.8114114012604055,0.0658484250307083,0.9884741786317216,0.4744534437473057
balanced weights,44,3,0.7324919852952704,0.0587468110024929,0.988755590590752,0.4631128866270354
balanced weights,44,4,0.7120691851259622,0.0588960722088813,0.9893244994616984,0.4984038649306486
balanced weights,44,5,0.6801987313643418,0.0540194027125835,0.9885571990998442,0.4829959065790842
balanced weights,44,6,0.6591681167599429,0.0547701939940452,0.9890255709557816,0.483384388680788
balanced weights,44,7,0.6550386332282996,0.0587018020451068,0.989090136590217,0.5034385042274596
balanced weights,44,8,0.6270673137218016,0.056445874273777,0.9894501822278822,0.5097349499362858
balanced weights,44,9,0.6351909224160905,0.0465795621275901,0.9900055880160992,0.5201453043103014
balanced weights,44,10,0.6158785213751587,0.051015380769968,0.9896281871707951,0.5115848873795301
balanced weights,44,11,0.6103573402153977,0.0564603358507156,0.9893504102774568,0.5057974548535742
balanced weights,44,12,0.5936709797143708,0.0500021912157535,0.9893905510880155,0.5021937584237979
balanced weights,44,13,0.6139725305303422,0.0520653203129768,0.9896608186378,0.5345691726498217
balanced weights,44,14,0.5828786605057298,0.0470772497355937,0.9900346576736542,0.5262957937392352
balanced weights,44,15,0.5861262325792849,0.0506494492292404,0.9900077961691098,0.5252797119468972
balanced weights,44,16,0.5662063600307263,0.0489579923450946,0.9899321884713276,0.5455358509242753
balanced weights,44,17,0.5796599923184248,0.0526088178157806,0.9903963952510182,0.5373141732832608
balanced weights,44,18,0.573566024314537,0.0511353351175785,0.9894962116952796,0.5109706923991393
balanced weights,44,19,0.5718722075906504,0.0551368109881877,0.9898907361317272,0.5256138252351652
balanced weights,44,20,0.5568427256266755,0.0531670004129409,0.9899884014192248,0.5250849402571243
balanced weights,44,21,0.5510217768737556,0.0481600277125835,0.9904003098791307,0.5267291142966519
balanced weights,44,22,0.5138697502704228,0.0496573336422443,0.9903437537908188,0.55101841457217
balanced weights,44,23,0.5229923066672937,0.0477271117269992,0.9903525855493792,0.5501719632343303
balanced weights,44,24,0.5117949411340513,0.0474901385605335,0.990554305746718,0.552090424073767
balanced weights,44,25,0.5057553516280237,0.0492694675922393,0.9901918941654924,0.5387818950862097
balanced weights,44,26,0.5103330903447303,0.047448705881834,0.9903701411480654,0.5389515797742928
balanced weights,44,27,0.4879258669206289,0.0459005571901798,0.9902292429115976,0.5452404472927354
balanced weights,44,28,0.4949549001395225,0.0456336699426174,0.9901430125858518,0.5519102258365225
balanced weights,44,29,0.4915200406809951,0.0470168404281139,0.9902517326402694,0.5455460780268926
balanced weights,44,30,0.4884960083243192,0.0470770485699176,0.9904663441110624,0.5464299231317395
balanced weights,44,31,0.4671224172662998,0.0469837300479412,0.990587347433996,0.5616715623561556
balanced weights,44,32,0.4720928569189045,0.0478719174861907,0.990245967368608,0.5393716433021996
balanced weights,44,33,0.4667539662010691,0.0467929542064666,0.9905889361389072,0.5503176801054612
balanced weights,44,34,0.4539386688927558,0.0490678064525127,0.9904702816729476,0.550952150563326
balanced weights,44,35,0.4654907683926695,0.0465928949415683,0.9905856170328718,0.5556015448418539
balanced weights,44,36,0.4670026376020944,0.0463957153260707,0.9905050777995144,0.5417839383859502
balanced weights,44,37,0.4523240684130493,0.0464917309582233,0.9904475361631137,0.5439985592454886
balanced weights,44,38,0.4453363824483845,0.0465798899531364,0.990633132346974,0.5491768658427549
balanced weights,44,39,0.4565847951841226,0.0468184538185596,0.990684159286256,0.5619821068978224
balanced weights,44,40,0.449103048723134,0.0464928746223449,0.9905023529368082,0.5544987152677164
balanced weights,44,41,0.4467995559579237,0.0460934527218341,0.9905984581171466,0.5522213008388765
balanced weights,44,42,0.44241615913402,0.0463864281773567,0.9904741408300018,0.5551231298847952
balanced weights,44,43,0.4553684804590133,0.0451487675309181,0.9906079518457522,0.5633269012308579
balanced weights,44,44,0.4482460240010033,0.0461210124194622,0.990504192375796,0.5652665716228044
balanced weights,44,45,0.4398244113405132,0.0453921295702457,0.9906223219722806,0.5540070460817174
balanced weights,44,46,0.4459413554844879,0.0464792773127555,0.9905450149812518,0.55331946002384
balanced weights,44,47,0.4495012364984558,0.0465667024254798,0.990522488890732,0.5563801126117436
balanced weights,44,48,0.4492680948125852,0.0455153211951255,0.9906096216761008,0.5604581850907304
balanced weights,44,49,0.4419804942858487,0.0458352081477642,0.990624231516768,0.5530208457493204
balanced weights,44,50,0.4384755796453934,0.0467771403491497,0.990637924181744,0.5608839297144168
balanced weights,44,51,0.4291964033767577,0.0468373782932758,0.990582016229504,0.5635232311257058
balanced weights,44,52,0.4388784214362978,0.0455942824482917,0.9904379840473034,0.5442772789732258
balanced weights,44,53,0.4348662190973365,0.0453217923641204,0.990575390193682,0.5628478585359209
balanced weights,44,54,0.4345731630845443,0.0456359311938285,0.9906247193022016,0.573264312788101
balanced weights,44,55,0.4355648113311072,0.0463045090436935,0.990650439746698,0.5623096398471328
balanced weights,44,56,0.4442033501073852,0.0455279648303985,0.990601506651152,0.554607851562946
balanced weights,44,57,0.4379612374390569,0.0456642992794513,0.9905412314579268,0.5680200914466413
balanced weights,44,58,0.4393659663108059,0.0451950468122959,0.9907206326883836,0.5662782896184828
balanced weights,44,59,0.4363426687986957,0.0457255467772483,0.9906859526188578,0.5655957985194447
balanced weights,44,60,0.4273488081800937,0.0455918237566947,0.990614732197322,0.5557615811414351
logit-adjusted,42,1,0.0295580356967894,0.0473109930753707,0.9892875587378054,0.4854946842982465
logit-adjusted,42,2,0.021912043820741,0.0462865605950355,0.9891932802487908,0.468744484305299
logit-adjusted,42,3,0.0206144859051913,0.0522354915738105,0.989744774872465,0.4923789832883195
logit-adjusted,42,4,0.0196742538143331,0.0446223355829715,0.990046848328729,0.5129355185055738
logit-adjusted,42,5,0.0190601442107965,0.0465626493096351,0.9902551268121992,0.5179207047582235
logit-adjusted,42,6,0.0185297961712638,0.0478009060025215,0.989954351919576,0.5213803312969374
logit-adjusted,42,7,0.0184361739117441,0.0435253642499446,0.9901911099576272,0.521467153332391
logit-adjusted,42,8,0.0176908792439723,0.0443097949028015,0.9907393747434892,0.5574331737036371
logit-adjusted,42,9,0.0177472295747503,0.0471402816474437,0.9900329317230304,0.5052014633135092
logit-adjusted,42,10,0.0172894811164542,0.043725986033678,0.9901147460520132,0.5485037083453024
logit-adjusted,42,11,0.0172389130938523,0.0448971018195152,0.99061101489388,0.5490987902515306
logit-adjusted,42,12,0.0169130814825048,0.0431695096194744,0.9908390535429452,0.5544761630863945
logit-adjusted,42,13,0.0167748066991369,0.0434577837586402,0.9902545332995328,0.5336926509014932
logit-adjusted,42,14,0.0160906694703436,0.0426850281655788,0.990349741586382,0.5534571179818386
logit-adjusted,42,15,0.0156061374585547,0.0404698029160499,0.9902366256421354,0.540274537002495
logit-adjusted,42,16,0.0154127554564658,0.0432407446205616,0.990481052705504,0.5570842137014226
logit-adjusted,42,17,0.0153460346317546,0.0399410612881183,0.990593999243132,0.5589317435096108
logit-adjusted,42,18,0.015191757077043,0.0424240082502365,0.9903904363634802,0.5524208107207035
logit-adjusted,42,19,0.0152502552972495,0.0441826842725276,0.9897360687907266,0.5554282195105383
logit-adjusted,42,20,0.0150346319996394,0.0422492884099483,0.9906184774768332,0.5411156323369498
logit-adjusted,42,21,0.0149436383403682,0.044353250414133,0.9906479188263816,0.550474416036434
logit-adjusted,42,22,0.0148944542750317,0.0413160473108291,0.990727488209052,0.5603293057543034
logit-adjusted,42,23,0.014736805620875,0.0401161573827266,0.9904204160768224,0.5595989715105134
logit-adjusted,42,24,0.0146352439781937,0.0393581464886665,0.990858487742546,0.5599761188653049
logit-adjusted,42,25,0.0147608610639177,0.0428988933563232,0.9905704035619124,0.5646823448539144
logit-adjusted,42,26,0.0145058914325941,0.0419729761779308,0.9898411869487176,0.558033995629388
logit-adjusted,42,27,0.0144868314016719,0.039817426353693,0.9904659580698864,0.5629579537783778
logit-adjusted,42,28,0.0143003569385003,0.0410474203526973,0.9906859882131792,0.5550240158503483
logit-adjusted,42,29,0.0141045377019352,0.0410542413592338,0.990778512590679,0.57095041995738
logit-adjusted,42,30,0.0141810886036385,0.0438758693635463,0.9903988779420304,0.5684527085512162
logit-adjusted,42,31,0.0142308360498087,0.0389127507805824,0.9907625724443724,0.5482897569901463
logit-adjusted,42,32,0.0139533265923591,0.0414021760225296,0.9902605190521148,0.562661893054414
logit-adjusted,42,33,0.0139967115093315,0.0425592735409736,0.9908429717613096,0.573150474881573
logit-adjusted,42,34,0.0137058171643034,0.0419790782034397,0.9907236275098298,0.5669972054510333
logit-adjusted,42,35,0.0139033372598527,0.0419656001031398,0.9908709085850173,0.5620699144624025
logit-adjusted,42,36,0.0137071031422933,0.0405650436878204,0.9903256424772644,0.5452411556637715
logit-adjusted,42,37,0.0137981748787996,0.0400569513440132,0.9903516417569004,0.5636277015240272
logit-adjusted,42,38,0.013667329680176,0.0426428914070129,0.9907289036067434,0.5595418337656445
logit-adjusted,42,39,0.0131252838337134,0.0397827737033367,0.9905061794823632,0.5690473438747317
logit-adjusted,42,40,0.0130401245341085,0.0413158684968948,0.990810722275073,0.5578356211332954
logit-adjusted,42,41,0.0129362634403071,0.0400102734565734,0.9905847223181482,0.5830012276698444
logit-adjusted,42,42,0.0129274881714519,0.0410092920064926,0.990458950203594,0.560460571879626
logit-adjusted,42,43,0.0127756960753911,0.0390949845314025,0.9906219709640356,0.5553355315514145
logit-adjusted,42,44,0.012976505365835,0.0401432514190673,0.9905981728132592,0.5609673005916392
logit-adjusted,42,45,0.0128103661950924,0.0398797541856765,0.990525888378224,0.5664537047469252
logit-adjusted,42,46,0.0125917698388436,0.0392371118068695,0.9906764148583868,0.5611167354952296
logit-adjusted,42,47,0.0123812659583744,0.0392577052116394,0.9907823096636676,0.5669366254012618
logit-adjusted,42,48,0.0123917627537173,0.0409424304962158,0.990721353205669,0.5623010908027876
logit-adjusted,42,49,0.0123802088538482,0.0403331480920314,0.9906832405572504,0.5684685536489948
logit-adjusted,42,50,0.0123567910415588,0.0412281639873981,0.990673751503914,0.5694613899284876
logit-adjusted,42,51,0.0124022939948992,0.0405507646501064,0.99073129281292,0.5650945296033851
logit-adjusted,43,1,0.0297347321344589,0.0564826801419258,0.9882395752470744,0.4585889013297214
logit-adjusted,43,2,0.0218433113590313,0.0479968823492527,0.9892776782455484,0.4990540511684803
logit-adjusted,43,3,0.0207260781761941,0.0457669906318187,0.9897680419010484,0.4979556933004396
logit-adjusted,43,4,0.019662502424987,0.042614109814167,0.9900575569971034,0.5258712089602475
logit-adjusted,43,5,0.0188543739540712,0.0478838235139846,0.9900095968297106,0.5353593165459547
logit-adjusted,43,6,0.0185985791535374,0.0428057536482811,0.9897596992854544,0.5087960315121502
logit-adjusted,43,7,0.0182762763270313,0.0493283383548259,0.989206000909604,0.5110007409891872
logit-adjusted,43,8,0.017931243839553,0.0393449552357196,0.990379729897994,0.5505720053917648
logit-adjusted,43,9,0.0177640345514116,0.0428415387868881,0.9902026443052782,0.5538982738821614
logit-adjusted,43,10,0.0174342164082953,0.0448609106242656,0.98972405245938,0.5234353588704683
logit-adjusted,43,11,0.017181033367822,0.0445080734789371,0.9897304453572484,0.525140389055339
logit-adjusted,43,12,0.0168940459464014,0.0397809781134128,0.9903544692671028,0.5445334486006074
logit-adjusted,43,13,0.0167325776314294,0.0431602448225021,0.9901353447515068,0.545496368610717
logit-adjusted,43,14,0.0166092247855233,0.0466281846165657,0.9899905795952416,0.5324296605258929
logit-adjusted,43,15,0.0157735472980255,0.0414179377257823,0.9905035673181668,0.5678549868968346
logit-adjusted,43,16,0.015370524857832,0.0404950864613056,0.9903365877158254,0.5357252937982722
logit-adjusted,43,17,0.0153791730598143,0.0392295084893703,0.9904477416226144,0.5600731194798303
logit-adjusted,43,18,0.015389136327384,0.0409814789891243,0.9906048258136796,0.5641065526651106
logit-adjusted,43,19,0.0149828545453565,0.0414662361145019,0.9905994669413662,0.5539970650050481
logit-adjusted,43,20,0.0151557787809222,0.0405946671962738,0.9907060140032012,0.5687584554358689
logit-adjusted,43,21,0.0149413434820266,0.0417432896792888,0.9898434130737754,0.5575365746289105
logit-adjusted,43,22,0.0148145123718431,0.0395299382507801,0.9907599764774278,0.5659782834551578
logit-adjusted,43,23,0.0146214273694328,0.0399448201060295,0.9905028549244488,0.5588354315746585
logit-adjusted,43,24,0.0146775205046128,0.0374823249876499,0.9906082171818696,0.5535215690713591
logit-adjusted,43,25,0.0146689289468991,0.043452713638544,0.9906225360725353,0.5664993625700799
logit-adjusted,43,26,0.0141764238715726,0.0411774888634681,0.9905673532173448,0.5661776287203019
logit-adjusted,43,27,0.0139071722299299,0.0448640435934066,0.9902140948645848,0.5599564461615737
logit-adjusted,43,28,0.0139220329303445,0.0413176640868186,0.9909725369652204,0.5759125809747666
logit-adjusted,43,29,0.0138316378632091,0.0423018708825111,0.9907679718619282,0.5685912047699854
logit-adjusted,43,30,0.0138109489268329,0.0421697087585926,0.9906417511330776,0.569277861543448
logit-adjusted,43,31,0.0136485100046638,0.0400345139205455,0.990763280237652,0.5600554681325408
logit-adjusted,43,32,0.0136313559768337,0.0407381281256675,0.9906009265968352,0.560304415925313
logit-adjusted,43,33,0.0134189920210577,0.0409522764384746,0.9907226433047398,0.5684921131371643
logit-adjusted,43,34,0.0133096946083964,0.0406704246997833,0.990738591085966,0.5679657186456081
logit-adjusted,43,35,0.0134147911596239,0.0412497110664844,0.9905242732038768,0.5565299425786583
logit-adjusted,43,36,0.0131703144963277,0.0416483804583549,0.9904136564073784,0.5681801331402528
logit-adjusted,43,37,0.0132358243584317,0.0414058044552803,0.9907358148169912,0.5743582041722846
logit-adjusted,43,38,0.01322186384261,0.0400581508874893,0.99078159305334,0.5742810866350327
logit-adjusted,44,1,0.030134389598912,0.059340726584196,0.9879932219290096,0.4580597344300203
logit-adjusted,44,2,0.0221335627150645,0.0517289787530899,0.989178228822294,0.4819184908921422
logit-adjusted,44,3,0.0206153386310727,0.0481746718287467,0.9892055600551382,0.4867489072679486
logit-adjusted,44,4,0.0200451344594091,0.0451313778758049,0.9896755387269794,0.5066729052964833
logit-adjusted,44,5,0.0191806189154869,0.0518868006765842,0.989505715712027,0.5174164309482654
logit-adjusted,44,6,0.0188633023155442,0.0458932742476463,0.98927730807531,0.5141804750900556
logit-adjusted,44,7,0.0182251188978507,0.0461952909827232,0.9893823234499736,0.4930775154085912
logit-adjusted,44,8,0.018130896515269,0.0410248823463916,0.9903356751267736,0.5391464254965841
logit-adjusted,44,9,0.0178864703725368,0.0466167144477367,0.9900667615807892,0.5200811204150242
logit-adjusted,44,10,0.0175396145519799,0.0450388118624687,0.9900890764095296,0.540578654213618
logit-adjusted,44,11,0.0174053263003809,0.0436785779893398,0.990357567424118,0.5231356630122889
logit-adjusted,44,12,0.0172572398111351,0.0431043803691864,0.9890632145755608,0.51900194955019
logit-adjusted,44,13,0.0168879635766942,0.0400826930999755,0.989960366088184,0.5290737984842504
logit-adjusted,44,14,0.0168094393111469,0.0409965626895427,0.9894509793724168,0.5287233862100151
logit-adjusted,44,15,0.0165038342964696,0.0444190800189971,0.9904699656563174,0.5450964469275108
logit-adjusted,44,16,0.0163784468496723,0.0401229001581668,0.990295845838836,0.5517687374566862
logit-adjusted,44,17,0.016247055110403,0.0423241034150123,0.9904918188322168,0.55512167415322
logit-adjusted,44,18,0.0161359098698443,0.0403119511902332,0.990651029527576,0.5584484915643174
logit-adjusted,44,19,0.0157943556466436,0.0440814346075058,0.9898723837562692,0.5459055399367246
logit-adjusted,44,20,0.0158248394487098,0.044199600815773,0.9904567204703764,0.5586776586166584
logit-adjusted,44,21,0.0157501777099108,0.0406990498304367,0.9905296993026534,0.5598289867195018
logit-adjusted,44,22,0.0155330816613169,0.0403220616281032,0.9905899433339324,0.5621599670814591
logit-adjusted,44,23,0.0154373712184898,0.0423618182539939,0.9899856277909712,0.5500005960485811
logit-adjusted,44,24,0.0152888315750952,0.0421301126480102,0.9906009759633316,0.5537041639487804
logit-adjusted,44,25,0.0152387549797966,0.0388410352170467,0.990249965919526,0.5589780593291576
logit-adjusted,44,26,0.0152736156998071,0.0452143438160419,0.9904349525223648,0.5301729076347936
logit-adjusted,44,27,0.0149868517936086,0.0460690818727016,0.990317535994823,0.5582452892301253
logit-adjusted,44,28,0.0141510901051709,0.0404398217797279,0.9906656806058958,0.5673498244907415
logit-adjusted,44,29,0.0139687032148959,0.0406473614275455,0.9902756446904668,0.5628121878558981
logit-adjusted,44,30,0.0138160821223094,0.0403466708958148,0.9908277420244398,0.5677771329915622
logit-adjusted,44,31,0.0136711692430317,0.0413809865713119,0.9906426859918124,0.5619978124620278
logit-adjusted,44,32,0.0136665244130061,0.0398232638835907,0.9904517218361082,0.5527542552225584
logit-adjusted,44,33,0.0134333827271355,0.0401798710227012,0.9907650452290586,0.5592268551324449
logit-adjusted,44,34,0.0134214981472119,0.0399958603084087,0.9905308106403168,0.5705112377283028
logit-adjusted,44,35,0.0134456240128588,0.0424684584140777,0.990658562598704,0.5767765547348485
logit-adjusted,44,36,0.0133102334944112,0.0390780791640281,0.9906961766861108,0.5627329480850861
logit-adjusted,44,37,0.0132475083870259,0.0398164056241512,0.9906820101343732,0.5750205120486483
logit-adjusted,44,38,0.0132033074864004,0.0421673469245433,0.9909918124314012,0.5623672396571024
logit-adjusted,44,39,0.0131881865285354,0.0383000299334526,0.9907369455920964,0.5723524862634989
logit-adjusted,44,40,0.0131876859156751,0.0424871034920215,0.9902093815005468,0.5655437509509618
logit-adjusted,44,41,0.0126900017170868,0.0377400182187557,0.9907693958644372,0.568403122107906
logit-adjusted,44,42,0.012543639816181,0.040808979421854,0.990507835524165,0.5557041328802956
logit-adjusted,44,43,0.0126347582459358,0.0394881330430507,0.9908130275138596,0.574236247803572
logit-adjusted,44,44,0.012386133538159,0.0420496501028537,0.9907615303926391,0.5766103669970655
logit-adjusted,44,45,0.0125541381424501,0.03968957811594,0.9906895025115582,0.5686710960020889
