condition,seed,val macro F1,best epoch,macro F1,weighted F1,accuracy,attack-vs-normal F1,F1 Analysis,F1 Backdoor,F1 DoS,F1 Exploits,F1 Fuzzers,F1 Generic,F1 Normal,F1 Reconnaissance,F1 Shellcode,F1 Worms
plain loss | no graph,42,0.5262874123047198,330,0.5245623412635613,0.980735928393618,0.9818786294152786,0.9010429773788552,0.22296395193591456,0.15580286168521462,0.1164021164021164,0.7881105510168608,0.4913853480879675,0.8560321715817695,0.9954696334870765,0.8272881037398985,0.7921686746987951,0.0
"plain loss | real graph, full train graph",42,0.5369177316776675,240,0.5317612936000857,0.980998107625689,0.9812518973334509,0.9016190659446384,0.2034927866362946,0.18794688457609807,0.15553235908141963,0.7741648898365316,0.5360987135731163,0.841237670585056,0.9954148127555067,0.8367425704361251,0.7869822485207101,0.0
"plain loss | real graph, matched density",42,0.5414740101423319,310,0.5106683509993518,0.9811613852358809,0.9820769313630443,0.9097797261460194,0.1278295605858855,0.07766990291262135,0.13386348575215373,0.792595131984916,0.5494456266099227,0.8575647737951403,0.9957255423843114,0.7653429602888087,0.8066465256797583,0.0
"plain loss | shuffled edges, matched density",42,0.4679996322803583,460,0.5091633626290778,0.9800521097536888,0.9803264882438771,0.897596882442087,0.22737022737022736,0.09859154929577464,0.061224489795918366,0.7652046306864504,0.5184177997527812,0.8548320767649075,0.9951486184331987,0.8078708821578598,0.7629733520336606,0.0
sqrt class weights | no graph,42,0.6193493512521113,430,0.6044190784745255,0.9798684070075379,0.9758732630218279,0.862882741421512,0.21528998242530756,0.23717948717948717,0.2829028290282903,0.7967894928858081,0.5795190650985093,0.8932837801964428,0.9923244962061968,0.8494104001546492,0.828696925329429,0.36879432624113473
"sqrt class weights | real graph, full train graph",42,0.5978896590806106,480,0.5935264446498631,0.9796695181946989,0.9757533025842906,0.8621167343923162,0.2056818181818182,0.2693798449612403,0.24472049689440994,0.7946158776668804,0.5817748304895314,0.8815719596388741,0.992280487678769,0.8576982892690513,0.8290598290598291,0.27848101265822783
"sqrt class weights | real graph, matched density",42,0.5966229759719741,260,0.5867036872497294,0.9793841342715266,0.9754472810599606,0.8620618033278715,0.2103213242453749,0.2687793427230047,0.23487118034751348,0.7852028639618138,0.580885087393083,0.8762763559209654,0.9922738348381926,0.8486727378415035,0.8181818181818182,0.25157232704402516
"sqrt class weights | shuffled edges, matched density",42,0.49679579796738144,450,0.5846977333358387,0.9784697532586114,0.9748646160776364,0.8600641632238558,0.23341326938449242,0.2650056625141563,0.20921052631578949,0.7569032695239709,0.5709424471075603,0.860888175494917,0.9921627075176219,0.8290282902829028,0.8183118741058655,0.3111111111111111
plain loss | no graph,43,0.5294159146988532,360,0.5223955579383331,0.9813154151420334,0.9820083825415944,0.9049433827763003,0.20045558086560364,0.05104408352668213,0.14377682403433475,0.7749249749916639,0.5454545454545454,0.8541942312781159,0.9955577650702211,0.8506207448938726,0.8079268292682927,0.0
"plain loss | real graph, full train graph",43,0.5373394559308056,440,0.5302317609742669,0.9813466633437474,0.9822483034166691,0.9094877604022766,0.21117249846531613,0.19658119658119658,0.10309278350515463,0.7917413190000853,0.5352373396800212,0.8392106938255888,0.9958039915874899,0.8178391959798995,0.8116385911179173,0.0
"plain loss | real graph, matched density",43,0.5409974242268525,480,0.5216095458232914,0.9816057950872676,0.982676733550731,0.9122280160528543,0.12817089452603472,0.1451990632318501,0.107981220657277,0.8004248163554297,0.5317246579769471,0.8680794701986755,0.995879826786124,0.8063373718546132,0.8322981366459627,0.0
"plain loss | shuffled edges, matched density",43,0.47307878466595693,450,0.517337741963105,0.9802718758694686,0.9798760245600635,0.8993843077408831,0.238553289726818,0.07390300230946882,0.08365608055770721,0.756492465533825,0.5517002881844381,0.8494890914112124,0.9950907013467192,0.8084183119982643,0.8160741885625966,0.0
sqrt class weights | no graph,43,0.609983594597559,330,0.5973668474859695,0.9795116872857065,0.9754056621326518,0.8624454652478013,0.2275618374558304,0.25544554455445545,0.2888127853881279,0.7793400824896888,0.5774332985541809,0.8819257665411512,0.9922972020966502,0.8513995866992298,0.8073136427566807,0.31213872832369943
"sqrt class weights | real graph, full train graph",43,0.602492525277658,480,0.6013925033291391,0.9797601917881765,0.9759516045320563,0.8625638418340228,0.2143559488692232,0.26285714285714284,0.269281045751634,0.7971790751651491,0.5813257519078259,0.8805031446540881,0.9923132104980837,0.8528610354223434,0.8258992805755395,0.3373493975903614
"sqrt class weights | real graph, matched density",43,0.6189317862623346,500,0.6031771711980606,0.9798793316639629,0.9759736380818081,0.8627514376111406,0.20256111757857975,0.27045565899069085,0.29159104658197216,0.7957612535096459,0.5835571471202626,0.8858508096628617,0.9923180828168322,0.8516483516483516,0.8414814814814815,0.31654676258992803
"sqrt class weights | shuffled edges, matched density",43,0.5050836299985793,500,0.5572817474417695,0.9783707914045968,0.9748548233888579,0.8622593987568454,0.11204481792717087,0.23432219301539617,0.1975642760487145,0.7490066785019867,0.5698908656002392,0.8610810810810811,0.9922950550565559,0.8401020207965469,0.8313253012048193,0.18518518518518517
plain loss | no graph,44,0.5265509945961766,420,0.5226977361951191,0.9815399520691303,0.9824441571922403,0.9087915706289101,0.2052469135802469,0.06341463414634146,0.15875081327260898,0.7962979132105126,0.5421943573667711,0.8660042964554243,0.9957411478913301,0.7926807603481968,0.8066465256797583,0.0
"plain loss | real graph, full train graph",44,0.532886184009288,290,0.5213812950413365,0.9810045078511035,0.9816411567123985,0.9054020344244574,0.16037735849056603,0.14218009478672985,0.17177914110429449,0.7813217657565705,0.5123374900504113,0.8467173087357569,0.9956291612932969,0.8297480024585125,0.7737226277372263,0.0
"plain loss | real graph, matched density",44,0.527562720763863,280,0.508321817345651,0.9801051742927381,0.9815824005797271,0.9033358499007353,0.19254658385093168,0.12807881773399016,0.08421052631578947,0.780646264318687,0.48675948675948677,0.8512486427795874,0.9955746038329538,0.7659881102504054,0.7981651376146789,0.0
"plain loss | shuffled edges, matched density",44,0.46872137569293776,500,0.506879102714157,0.9801237250922786,0.9801551161902523,0.8995222972432014,0.00975609756097561,0.10551558752997602,0.2112631244034362,0.7431812883673945,0.5302314008459816,0.854052573932092,0.995169763876505,0.8077089649198788,0.8119122257053292,0.0
sqrt class weights | no graph,44,0.5982092517985673,240,0.5971172968659827,0.9794227540681227,0.9753469059999804,0.8624916322337897,0.22986822840409957,0.24035087719298245,0.27176470588235296,0.7803569777120133,0.5776189412553049,0.8753010436178753,0.9922997873619307,0.8525665766113469,0.8155619596541787,0.33548387096774196
"sqrt class weights | real graph, full train graph",44,0.5958124570306931,460,0.586103497307216,0.9795383666541493,0.975390973099484,0.862303108688623,0.21225832990538873,0.2641780330222541,0.2857142857142857,0.7807233478507858,0.5822539824326336,0.8810478481689388,0.9922935533156334,0.8493462194428653,0.8176638176638177,0.19555555555555557
"sqrt class weights | real graph, matched density",44,0.5958194020675618,160,0.5862850970311368,0.9790584738665564,0.9751118814692951,0.8610572931082203,0.19064327485380117,0.2614942528735632,0.22794117647058823,0.7790477904779047,0.5783598749813961,0.8647257955314828,0.9922128286667183,0.8495437779072025,0.803921568627451,0.31496062992125984
"sqrt class weights | shuffled edges, matched density",44,0.5126120773221258,350,0.5486530387909736,0.9782774994297675,0.9749331648990863,0.8620307521817426,0.2422293676312969,0.2032520325203252,0.15777940102264426,0.74842503149937,0.5707313465946905,0.8547794117647058,0.9922752972381861,0.8419763168640262,0.8195266272189349,0.05555555555555555
