,macro F1,macro F1,weighted F1,weighted F1,accuracy,accuracy,attack-vs-normal F1,attack-vs-normal F1
,mean,std,mean,std,mean,std,mean,std
condition,,,,,,,,
plain loss | no graph,0.5232185451323378,0.0011735284216570377,0.9811970985349272,0.00041486459518005826,0.9821103897163711,0.0002962423237963521,0.9049259769280219,0.0038743259492930405
"plain loss | real graph, full train graph",0.5277914498718964,0.0056037872217969175,0.9811164262735134,0.00019941683004158717,0.9817137858208396,0.0005021578548756547,0.9055029535904575,0.003935317855709551
"plain loss | real graph, matched density",0.5135332380560981,0.007092010674682354,0.9809574515386289,0.0007708160655433637,0.9821120218311675,0.0005480097340115496,0.908447864033203,0.004593261067573795
"plain loss | shuffled edges, matched density",0.51112673576878,0.005498809807511689,0.9801492369051453,0.00011208222810972259,0.980119209664731,0.0002273682949313653,0.8988344958087238,0.001074023002382267
sqrt class weights | no graph,0.5996344076088259,0.004145524737327009,0.979600949453789,0.00023585469380617974,0.9755419437181533,0.00028843098225072016,0.862606612967701,0.00024024579060178392
"sqrt class weights | real graph, full train graph",0.5936741484287394,0.007645573136745271,0.9796560255456749,0.0001115263924136878,0.9756986267386103,0.0002842868039017455,0.8623278949716541,0.00022458191373580965
"sqrt class weights | real graph, matched density",0.5920553184929757,0.009634080658681436,0.9794406466006821,0.0004133365618968152,0.9755109335370212,0.00043439019691916397,0.8619568446824108,0.0008519352305993668
"sqrt class weights | shuffled edges, matched density",0.5635441731895273,0.01882069295729551,0.9783726813643252,9.614084791135789e-05,0.9748842014551936,4.268534077129184e-05,0.8614514380541479,0.001206842328205314
