seed,epoch,train loss,val loss,val weighted F1,val macro F1
42,1,0.05887995280536052,0.046588826924562454,0.9790929063303146,0.4935335751285927
42,2,0.04588549852742443,0.0439588725566864,0.9806644132245542,0.5071538875382677
42,3,0.04413058749400198,0.044050030410289764,0.9798259732156772,0.5044688529497139
42,4,0.04315291757861081,0.043315988034009933,0.9801123435961894,0.49871425281119725
42,5,0.042410574390160306,0.04249045252799988,0.9793247043028294,0.5027836771321661
42,6,0.041792215822292075,0.04171184450387955,0.9820816078382621,0.5284128484424753
42,7,0.041407944594190976,0.04133601859211922,0.9812334033433696,0.5241652677901795
42,8,0.040880692459384825,0.042206987738609314,0.9801949318265005,0.5101863244322347
42,9,0.040856451729388836,0.04182147607207298,0.9817530683061737,0.5278253141309903
42,10,0.04042110550887707,0.04094630479812622,0.9811772092774561,0.5407688299861955
42,11,0.0402054406648746,0.041570987552404404,0.981999453158331,0.5471511611591281
42,12,0.0387302600815731,0.039656538516283035,0.9816760455001278,0.5372792514610952
42,13,0.038262525307980064,0.0395706444978714,0.9815812014903477,0.5518153966811503
42,14,0.038000016219140786,0.03938208147883415,0.9827099206443985,0.5677794327610806
42,15,0.037921996031512875,0.03893072530627251,0.9830971170306056,0.5743442819085691
42,16,0.03764021523717892,0.03931723162531853,0.9821121634830847,0.5527739799560425
42,17,0.037521115485178766,0.039415281265974045,0.9824269315619751,0.5699528927710222
42,18,0.03731668163111921,0.038950588554143906,0.982196432087986,0.5655816407462796
42,19,0.037235253128764065,0.038994915783405304,0.9829157079708373,0.567835497262869
42,20,0.037133141396633276,0.03922521695494652,0.9831656556791633,0.5667460194378282
42,21,0.03617556944485247,0.038632553070783615,0.9830107187264999,0.5688211895413745
42,22,0.035903975342009654,0.03876008093357086,0.9826025084098942,0.5603905229765362
42,23,0.03580947589529657,0.038688648492097855,0.9832492985312133,0.5638649972342382
42,24,0.0357174437471234,0.0386919267475605,0.9827395702612267,0.5621776055647699
42,25,0.035631700341275205,0.0384710468351841,0.9828677728031953,0.5693553478023203
42,26,0.03558562497551828,0.03853385150432587,0.9826020747362647,0.5653671410092136
42,27,0.03548578545320564,0.03855166584253311,0.9824642932627293,0.5544684273664153
42,28,0.03539627415733913,0.03905151039361954,0.9827967862885962,0.5622220373054695
42,29,0.034891954510512455,0.03876861557364464,0.9825937283933691,0.5626525519070096
42,30,0.03478934549340462,0.03854871541261673,0.9834491541588454,0.575711629953794
42,31,0.03468187455932901,0.03851711377501488,0.9831841528955341,0.5739998878817338
42,32,0.03469783358182281,0.03852177411317825,0.9836410730032774,0.5773428726124725
42,33,0.03459586720991608,0.03860326111316681,0.9831122924543867,0.5677822505439247
42,34,0.034510380097094506,0.038514990359544754,0.9828776128779864,0.5619309126163486
42,35,0.03453927235426031,0.038461800664663315,0.9828168811183746,0.5717744213603042
42,36,0.03437050148359235,0.03863935545086861,0.983314085551995,0.5722941015249046
42,37,0.0344198933576192,0.038804296404123306,0.9826902653702525,0.561126554163664
42,38,0.0340824587238168,0.03852519020438194,0.9829244003678168,0.5679086517308065
42,39,0.03410211295621689,0.0383666530251503,0.983055642596707,0.5704105812459798
42,40,0.03403208758091209,0.03863156586885452,0.9833639154294089,0.5735305932143551
42,41,0.03401387164967635,0.038770828396081924,0.9835101893766028,0.581187001081324
42,42,0.03395403679113174,0.03862469643354416,0.9835763179047843,0.5790524997183504
42,43,0.0337784186888569,0.038644470274448395,0.9834917752234309,0.5829901446726369
42,44,0.033701775598088464,0.03860905393958092,0.9834806388407038,0.5782347966746729
42,45,0.03371703459634537,0.038664449006319046,0.983419085407151,0.5761797302201032
42,46,0.033815198650812305,0.0387810617685318,0.9834759202132957,0.5748235249357313
42,47,0.03360927294182164,0.038615766912698746,0.9835797624622996,0.5843151336983137
42,48,0.03362274171416121,0.03872664272785187,0.9836766791401402,0.5814237289202631
42,49,0.0336232428244073,0.03873199597001076,0.9835486837192995,0.5735072085654658
42,50,0.033606052065278065,0.03851744160056114,0.9833927599268609,0.5742948994686121
42,51,0.033587308246912854,0.038603976368904114,0.9834476709552945,0.576724879368201
42,52,0.03364305771810766,0.03855213150382042,0.9834876018586967,0.5745723965490303
42,53,0.03361802515741747,0.03868700936436653,0.9834461072120086,0.5772707821116363
42,54,0.033606534049178884,0.03868459165096283,0.9836093167244857,0.5805983736777404
42,55,0.033546041244356964,0.03863054886460304,0.983491711208691,0.573225634651765
42,56,0.03346982658372259,0.03868315741419792,0.9834981181107821,0.5743223944506031
42,57,0.03344810288076422,0.03861556947231293,0.9836209417180661,0.5810363282108906
42,58,0.03349028029735499,0.03868034482002258,0.9835598003840463,0.5788999823709073
42,59,0.03350986184964306,0.03850453719496727,0.983583076054941,0.573718613975558
42,60,0.03344435794236023,0.038653116673231125,0.9835600611019761,0.5802205848980769
42,61,0.033502754499740495,0.03884918987751007,0.9834863899012224,0.5726079426846097
42,62,0.03349560124660928,0.038527484983205795,0.9834855481952591,0.5737115498753693
42,63,0.03345118222235279,0.03852051496505737,0.9835719717964249,0.5788057482869909
42,64,0.03355175619632383,0.03862942382693291,0.9836498075431321,0.5781924472472817
42,65,0.033464708373728176,0.03856742009520531,0.9835951884829888,0.5788939213158683
42,66,0.03349346674647708,0.0385717935860157,0.9835764882489463,0.5762769035148536
42,67,0.03342920605163685,0.038679465651512146,0.9835942916044742,0.575705692674829
42,68,0.03353435887266567,0.03869175165891647,0.9835451437452827,0.5755713904156149
43,1,0.059399887200466135,0.046161387115716934,0.9791210925310678,0.4693604310641561
43,2,0.045850306052126484,0.04649175703525543,0.9797365268558168,0.47918184851125867
43,3,0.04390282714925037,0.04279441386461258,0.9803794102708313,0.5014877804508558
43,4,0.0430084983707414,0.04237639904022217,0.9809424752557541,0.5084790253922651
43,5,0.04229965688866692,0.04240625351667404,0.9801662286417598,0.4901621008605971
43,6,0.041837380774014124,0.04154214635491371,0.980284711807484,0.49799673533906424
43,7,0.041393714593309636,0.04201468452811241,0.9806240599048414,0.5155364370379771
43,8,0.04107665716775855,0.04125852882862091,0.9805658607884248,0.5211409825942626
43,9,0.04090942405525035,0.04087814316153526,0.9823260929522206,0.5473001450634745
43,10,0.040529035475239186,0.041023317724466324,0.9797289381478826,0.5351100259408224
43,11,0.0404708913856165,0.04090941697359085,0.9806610898064757,0.5269120900488407
43,12,0.040102426169247044,0.04132987931370735,0.9806982427392241,0.5307361279140114
43,13,0.03993693355415846,0.0410834364593029,0.9806839716083912,0.5308766503212887
43,14,0.039875186061086795,0.04061843827366829,0.9806971594237792,0.5360584982056616
43,15,0.03810485536810717,0.03942031413316727,0.9817108906416641,0.5505625523293456
43,16,0.03778864332701705,0.039337754249572754,0.9819103107346552,0.5603542772556012
43,17,0.03759453769940362,0.039502907544374466,0.9815648332034861,0.5537214436578514
43,18,0.0372734560908076,0.03925149515271187,0.9825894705911415,0.5720267934572622
43,19,0.037257164269906086,0.038883455097675323,0.9826707197446487,0.5653714702525805
43,20,0.03718648094832398,0.03918404504656792,0.9826663411228018,0.5574220228486085
43,21,0.03694883228306746,0.039298515766859055,0.9814800956243451,0.5532974243844704
43,22,0.036838836671416124,0.039585452526807785,0.98200320762181,0.5492036754169994
43,23,0.03675470752910877,0.039527155458927155,0.9822234553754923,0.5596283380992569
43,24,0.035864896393352726,0.03888830915093422,0.9824328577619379,0.5630896576978984
43,25,0.035693030880019974,0.03878157585859299,0.9825010173944925,0.5650689006501258
43,26,0.035644151592046376,0.03901224955916405,0.9820055145504144,0.5576609908130481
43,27,0.035492211905216564,0.03917901590466499,0.9829578663954877,0.5671802164297653
43,28,0.035349188920551916,0.03903224319219589,0.9828300506987866,0.560875858511386
43,29,0.03529051694379976,0.03892989084124565,0.9825140440986526,0.5604119650706266
43,30,0.03528330248636368,0.03886653855443001,0.9821737549400558,0.5558052262171878
43,31,0.035190294894581704,0.039009496569633484,0.9826412876037459,0.5609338006025292
43,32,0.035190153359626705,0.039142902940511703,0.9833687028163269,0.5793021937747124
43,33,0.035161593900868614,0.039222441613674164,0.9829291622856228,0.5710016203112706
43,34,0.03499876367304171,0.03909238800406456,0.9826050048999562,0.5577128065598959
43,35,0.03498154613702909,0.03903687372803688,0.9837417518241564,0.5744571943056241
43,36,0.0348146458229286,0.039429884403944016,0.9836711962594799,0.5776290494773734
43,37,0.034822391992763206,0.03942408040165901,0.9829092501501301,0.5648217299438503
43,38,0.03478961708750747,0.03949280455708504,0.9830608881814077,0.5683286848623503
43,39,0.034675995120792814,0.03930480033159256,0.982866740162089,0.5621566663557701
43,40,0.03458097543748837,0.03930783271789551,0.9830375108271368,0.5701847388757809
43,41,0.034153111443246474,0.03904563561081886,0.9825908785720545,0.5588745232389892
43,42,0.03406137001552141,0.039222050458192825,0.9827963869945759,0.5652409802377635
43,43,0.03400374998775914,0.03902560472488403,0.9826777506387342,0.5599933406171079
43,44,0.03390721932317831,0.03913549333810806,0.9834491731349242,0.5756567568451428
43,45,0.03388626449929982,0.03929663822054863,0.98279038549365,0.5661749703357599
43,46,0.03357909539425365,0.03929369896650314,0.9826591805111691,0.5688030245083817
43,47,0.033568499398973724,0.039294857531785965,0.9825583402421548,0.5681776013943342
43,48,0.03355411638733022,0.03924425318837166,0.9830209779740788,0.5658086346060082
43,49,0.033553561723317374,0.03906902298331261,0.9828322242851257,0.5611855494803809
43,50,0.033470721696681256,0.039372410625219345,0.9827328198025467,0.5610697499095427
43,51,0.03329137013180959,0.03944415971636772,0.9827258754774452,0.5625897257115136
43,52,0.033267022294280094,0.03929866477847099,0.9826281641671742,0.5603174081907166
43,53,0.03329060890326782,0.03920726850628853,0.9828439736383487,0.5602669710461958
43,54,0.033246159276858894,0.03922518715262413,0.982995395241817,0.5659797922101439
43,55,0.03327383892373454,0.03940689191222191,0.9829513899686126,0.5617855258780884
44,1,0.059794586112008774,0.04632294178009033,0.979265028860245,0.4769439119915366
44,2,0.045595592861619516,0.04363558068871498,0.9811262314157129,0.5075246301759437
44,3,0.04389183715125787,0.043987780809402466,0.9805247790449945,0.5095491827176817
44,4,0.04303839667366844,0.04208550974726677,0.981983806077112,0.5459714028353075
44,5,0.042255582138625306,0.04184739291667938,0.9814325633363782,0.5356299803733185
44,6,0.04185314853305522,0.04127082601189613,0.9817267080624692,0.538600956045017
44,7,0.041340788170676775,0.041375160217285156,0.9814517677841139,0.5459795363387079
44,8,0.04113289244812323,0.04135523736476898,0.9811389937556034,0.5468892924277775
44,9,0.04068660213284762,0.040929559618234634,0.9813287287929409,0.5279615620315816
44,10,0.03906815757293105,0.03995775058865547,0.9811324040879225,0.5282280010864032
44,11,0.0387923556741287,0.03998729586601257,0.9814866323546043,0.5388460099886564
44,12,0.03852025281050168,0.03961891308426857,0.9823602007788916,0.5531481587345468
44,13,0.03828122322311662,0.03960651904344559,0.9822589663005428,0.5518517248501237
44,14,0.03813837620082846,0.03958454728126526,0.9820629091930627,0.5516874904326637
44,15,0.0378131288742325,0.039867378771305084,0.9820499838643794,0.5606425922021526
44,16,0.037769555234436966,0.03922897204756737,0.9827608763947113,0.5700605097976925
44,17,0.03753875380078733,0.03923094645142555,0.9817499940434785,0.5583679511650593
44,18,0.03740422673869189,0.03986280784010887,0.9817871196884207,0.5555189274404744
44,19,0.03735172109565498,0.039352066814899445,0.9822641792753382,0.547163183693739
44,20,0.037273785063946255,0.0394364669919014,0.9825703965708875,0.5502815714898804
44,21,0.037137827351224575,0.039533261209726334,0.9815328732269426,0.5464392638421607
44,22,0.03609633282166534,0.03917843475937843,0.9832854712874973,0.575488815307797
44,23,0.0359707530638875,0.03879386931657791,0.9831995400928555,0.569779962636824
44,24,0.03589893746266538,0.039229363203048706,0.9827435407618981,0.5703762682089072
44,25,0.0357063619426736,0.038904737681150436,0.9831601375335212,0.5668806379610223
44,26,0.035607930119372876,0.03915497660636902,0.9831014405105587,0.5720166038375583
44,27,0.035410347322189256,0.039076633751392365,0.981715944386769,0.5508008714730379
44,28,0.03499635757880666,0.03926539048552513,0.9830602000582388,0.5718139049068083
44,29,0.034913234482260545,0.038960475474596024,0.9823651499536704,0.550218628303249
44,30,0.03480352576578826,0.03886070102453232,0.9825851098127674,0.5626508679590247
44,31,0.03471634405877572,0.039055805653333664,0.9824604807784296,0.5585256211119487
44,32,0.03465373588016687,0.038947392255067825,0.9829865113148268,0.5703191590124905
44,33,0.03437656070977408,0.03885529935359955,0.982831450468754,0.5670333723437742
44,34,0.034361401168512586,0.03881988674402237,0.9829411190758003,0.568976634982379
44,35,0.0342504836670192,0.03874756023287773,0.9829771910609273,0.5701290078727455
44,36,0.034233851397171874,0.03897713124752045,0.9829683307809463,0.5678111964168115
44,37,0.03430611455487333,0.039099566638469696,0.9831034293669026,0.5713621025741429
44,38,0.03401577280839625,0.03899287059903145,0.9830563872754484,0.5686135555724221
44,39,0.034121901073033874,0.038764044642448425,0.9830304717634532,0.569092920902613
44,40,0.033969223109276615,0.03890395537018776,0.9831470737037259,0.5733398006995918
44,41,0.0340007433262826,0.03885309025645256,0.9832057493446008,0.5698851657161076
44,42,0.033925871335086226,0.03901899233460426,0.9833107411292263,0.5742393081804318
44,43,0.03385908596267027,0.038846079260110855,0.9832230568574095,0.5697114117683063
44,44,0.03385561644363818,0.038905635476112366,0.9831822002316654,0.574810544876392
44,45,0.03384583140539773,0.039031267166137695,0.9831486357344016,0.5729750894453352
44,46,0.033792074899380124,0.038851577788591385,0.9831684029463373,0.5724755494174025
44,47,0.033859342255696895,0.038775138556957245,0.9832928086564918,0.5685452213964042
44,48,0.03385253710204961,0.03886311873793602,0.9831603777207645,0.5697474050805427
44,49,0.0337860233237365,0.03895832970738411,0.9832552919854307,0.5755187466107192
44,50,0.033789083538979796,0.038902830332517624,0.9831370876512004,0.5716234427557432
44,51,0.033803558357080606,0.038926780223846436,0.9831905723388024,0.5704868909543072
44,52,0.03371065022229403,0.03897315263748169,0.9832856279040384,0.5702997129132248
44,53,0.03374905592359744,0.038987141102552414,0.9831632364876015,0.5760979302157809
44,54,0.03377903455717461,0.03892061859369278,0.9832394684350069,0.5708498835254894
44,55,0.03382029773446145,0.03898421674966812,0.9831155823522566,0.5726046012970596
44,56,0.03375855024138978,0.03902605548501015,0.9831994160040944,0.572802710381776
44,57,0.03373841019981982,0.03890564665198326,0.9831946228589207,0.5733459425171237
44,58,0.03379022729442698,0.038939446210861206,0.9830974605952234,0.5677420644544651
44,59,0.03372557642214323,0.03890158236026764,0.983180619481767,0.5723673245060735
44,60,0.03369570107083052,0.03895371034741402,0.9832438915110596,0.5755111219325959
44,61,0.03375438834865889,0.03899107873439789,0.9830323325192043,0.5669579390313279
44,62,0.033706583961289505,0.038889337331056595,0.9831958291002983,0.5682307886532454
