condition,seeds,macro F1,95% CI,"macro F1, no Worms",95% CI (no Worms)
"single-stage, unweighted, original",3,0.5823619817595727,0.573 - 0.591,0.6157692404953581,0.609 - 0.622
"single-stage, weighted, original",3,0.6584412777248062,0.646 - 0.669,0.6519182011221217,0.646 - 0.658
"two-stage, weighted, original",3,0.6695264779256186,0.658 - 0.679,0.6565133428143989,0.651 - 0.662
"single-stage, weighted, + SMOTE rows",3,0.6475812876064949,0.634 - 0.659,0.6476447181779793,0.641 - 0.654
"two-stage, weighted, + SMOTE rows",3,0.6542547784097323,0.641 - 0.667,0.6494054861311612,0.643 - 0.655
no graph,5,0.5686576137983088,0.556 - 0.581,0.6061786263403128,0.600 - 0.612
"real graph, full train graph",5,0.5790235803651428,0.568 - 0.590,0.6162519237805055,0.610 - 0.622
"real graph, matched density",5,0.585485945764944,0.576 - 0.595,0.6166595370248522,0.610 - 0.622
"shuffled edges, matched density",5,0.5615801570199819,0.552 - 0.571,0.598331413311789,0.592 - 0.604
"no graph, full class weights",5,0.5208591781331483,0.515 - 0.527,0.5670383036426097,0.561 - 0.573
"real graph, matched density, full class weights",5,0.5437873822249861,0.538 - 0.549,0.5942013628124347,0.588 - 0.600
