condition,seed,val macro F1,test macro F1,F1 Analysis,F1 Backdoor,F1 DoS,F1 Exploits,F1 Fuzzers,F1 Generic,F1 Normal,F1 Reconnaissance,F1 Shellcode,F1 Worms
no graph (own features only),42,0.5751009023747977,0.5631458266333095,0.24480054551653596,0.183206106870229,0.21270903010033446,0.775513867695898,0.5657235484821692,0.860302049622438,0.9922594656083972,0.8252816497995036,0.7856154910096819,0.18604651162790697
shuffled edges (8/5),42,0.5580776297071455,0.5514221330974474,0.23622047244094488,0.19693654266958424,0.15341701534170155,0.767876975651431,0.5696400625978091,0.8514462229710755,0.9922608883367826,0.8289866613577543,0.6674364896073903,0.25
"real graph, small (2/2)",42,0.5651025246983575,0.5569101321613318,0.11369509043927649,0.22788496541681835,0.15666901905434016,0.7736724523113937,0.5791476975893723,0.861309925725861,0.9922280797462103,0.8513409961685824,0.797768479776848,0.2153846153846154
"real graph, default (8/5)",42,0.58083618509595,0.5718308613273619,0.15522875816993464,0.23485165064772254,0.21247113163972287,0.7931623931623931,0.5788697063597462,0.8723721687237217,0.9922894463008085,0.8555815768930523,0.7773279352226721,0.24615384615384617
"real graph, large (16/10)",42,0.5886716471720524,0.5759168018067957,0.18238993710691823,0.2626107046592222,0.25117739403453687,0.7626062322946175,0.5815221450444394,0.8715783739615961,0.9923495798666896,0.8477820725197865,0.7849293563579278,0.2222222222222222
no graph (own features only),43,0.5690326572903878,0.5623162424567374,0.2260536398467433,0.22272727272727272,0.21428571428571427,0.7544308423168281,0.56969788748391,0.8516907534727094,0.9922647162996802,0.7976499049593917,0.7982832618025751,0.19607843137254902
shuffled edges (8/5),43,0.5718262360187455,0.5670686895120547,0.23533751383253412,0.2529789184234647,0.1993485342019544,0.7649475125513464,0.5692706405035172,0.863531015678255,0.9922464586818204,0.836738519212746,0.783448275862069,0.1728395061728395
"real graph, small (2/2)",43,0.5784892692930027,0.5820158098318594,0.24681144432954152,0.20855614973262032,0.24791666666666667,0.7807073954983923,0.5807508939213349,0.8749832507034705,0.992302472127969,0.8592994000387072,0.8303571428571429,0.1984732824427481
"real graph, default (8/5)",43,0.5979180085301373,0.5819267323880918,0.21025965801139962,0.26025459688826025,0.24,0.7846223428312981,0.5873947051744886,0.8818834796488427,0.9924511769107595,0.8531468531468531,0.7347447073474471,0.27450980392156865
"real graph, large (16/10)",43,0.5880018088060739,0.5812188770089741,0.2240921169176262,0.2501611863313991,0.18385964912280703,0.7910112359550562,0.5811736669645516,0.8797022464442377,0.9922997873619307,0.8545241809672387,0.764102564102564,0.2912621359223301
no graph (own features only),44,0.5824906195038366,0.595433135789762,0.23644578313253012,0.24517374517374518,0.26762114537444937,0.7699411498415573,0.5731653076352854,0.8674567497616129,0.9922907887593392,0.8437922378837613,0.8391167192429022,0.31932773109243695
shuffled edges (8/5),44,0.5693334702814614,0.5830082110808259,0.24191936021326224,0.20704375667022412,0.2611190817790531,0.7423987322967218,0.5697937057672038,0.8615748652556856,0.9922450958213489,0.8096011550261686,0.7948717948717948,0.34951456310679613
"real graph, small (2/2)",44,0.5756214722192113,0.5845962443213297,0.24141315014720313,0.205607476635514,0.2727272727272727,0.7830179972311953,0.5814402375649592,0.8730243771765336,0.9922775830153362,0.8579140158087527,0.8112676056338028,0.22727272727272727
"real graph, default (8/5)",44,0.5914930469330615,0.5932995516068964,0.24633431085043989,0.24703087885985747,0.27593254982115484,0.7779774855737395,0.5805921052631579,0.8771929824561403,0.9922827536996246,0.8564696642450422,0.8238636363636364,0.2553191489361702
"real graph, large (16/10)",44,0.5918151115830546,0.5967711335726376,0.24172291867566698,0.22715404699738903,0.21919673247106874,0.7995672166621585,0.5826384752829065,0.8811280969952556,0.9923075232706793,0.8571996027805362,0.8183118741058655,0.3484848484848485
